ID,ProtoTriqui,WordClass,English,Spanish,ChicIPA,ChicOrth,Copa,other
1,aβii,Vi,go out,salir,"awi""",ahui”,añii”,
2,afiʔ,Vi,die,morir,awiʔ,"ahui”""",añiʔ,
3,"ag""ah",Vi,"shout, cry out",gritar,"ag""ahʔ",aguaj”,ag”ah”,
4,ahaʔ,Adv,already,ya,aʔ,a”,ah!,
5,aka,Vt,"cut hair, weed",cortar,akaʔ,acaʔ,akaʔ,
6,akaa,Vi,burn,quemarse,aka,acaʔ,akaa”ʔ,
7,akoh,Vi,be cold,estar frio,akohʔ,acojʔ,akohʔ,
8,amá,Que,when,cuándo,ama’,aman,amáʔ,
9,amáʔ,Vi,rain,llover,amáʔ,aman',amáʔ,
10,anah,Vt,clear corn field,limpiar,anahʔ,anaj,anahʔ,
11,aynaʔβih,Vt,wait,esperar,anaʔwih',ana uij”,na” βih!,
12,anááa,Vi,wash face,lavarse la cara,aná,anan,anda’,
13,anah,Vt,weave,tejer,anah’,ananj,anáhʔ,
14,ane,Vi,bathe,bañarse,ane”,ane,ane”,
15,ane,Vt,chew,"masticar, mascar",ane”,ane”,ane,
16,anii,Vt,"squeeze, milk, hang to kill","exprimir, ordeñar, ahorcar",aniʔ,aniʔ,anuu”,
17,arasúú,Vt,use,usar,arasú”,arasun”,ra zi”,
18,aseasi,Con,or,o,asi”,asi”,aze” 2,
19,asih,Pre,from,desde,asih',"asij""",azihʔ,
20,ata,Vt,carry,cargar,ataʔ,ataʔ,a°ta’ʔ,
21,afiiti,Adj,infertile,infecund,afi’,atin,itdti'®,
22,atohotoh,Vi,sleep,dormir,"atoh""",atoj4,otoh”,
23,atuh,Vi,enter,entrar,atuh’,atuj’,atuhʔ,
24,atsih,Vt ,touch,tentar,atsihʔ,"atsij""",atsih’,
25,atʃee,Vi,walk,"caminar, andar",atʃe!,ache',tʃeeʔ,
26,atʃih,Vi,grow,crecer,atʃih”,"achij""",atʃih,
27,atʃi,Vt,"pass, cross","pasar, cruzar",atiʔ,achin,atyí [atʃ8],
28,atʃii_,Vi,"lack, be lacking, be missing",faltar,atʃ',achin,atʃii,
29,atʃii,Vt,ask,pedir,atʃi',achin',atʃiP,
30,atʃiʔ,Vt,bury,enterrar,atʃ1ʔ”ʔ,achin',atʃi2ʔ,
31,atsaa,Vt,sing,cantar,atsa’,achra',atsaa’,
32,atsih,Vt,"smear, anoint, irrigate","untar, regar",atsihʔ,achrij,atsihʔ,
33,atsih,Vi,cough,toser,atsihʔ,achrinj,atsth”,
34,ayoʔ,Adv,next year,año próximo,ayoʔ”,ayo’,ayoʔ,
35,ayuu,Vi,fall,caer,ayu”,ayu,ayuuʔ,
36,aʔmii,Vi,speak,hablar,atmi”,"a'mi""",aʔmii”,
37,aʔneh,Vt,remove,quitar,aʔnehʔ,a'nej”,aʔnehʔ,
38,aʔngaa,Vi,beborn,nacer,alga”,a'nga”',afngaa”,
39,afíngaʔ,Vi,laugh,reír,a’ngaʔ,a’nga’’’,a’ngaʔ®,
40,aʔniʔ,Vi,dream,soñar,a2niʔʔʔ,a’niʔʔʔ,amuʔ”,
41,aʔniʔ,Vt,cut,cortar,aniʔʔʔ,a’niʔʔ,ameʔ,
42,alyáh,Vt ,blow,soplar,aʔyáhʔ,a”yanjʔ,aʔyáhʔ,
43,aʔyoh,Adv,tomorrow,mañana,aʔyohʔ,a yoj,aʔyohʔ,
44,aʔyohoʔyoh,Vt,peel,pelar,aʔyoh,a’ yoj’,oʔyohʔ,
45,βaa,Vi,exist,"existir, hay",wa’,hua,βaa”,
46,βah,Vi,exist,"existir, hay",wahʔ,huajʔ,βahʔ,
47,βah,Vt,"grind, crush",moler,wahʔ,huaj”,βahʔ,
48,βatáʔ,Num,six,seis,watáaʔ,huatan”ʔ,βatáʔ,
49,fa2a,Vt,spin thread,hilar,waʔa”,"hua""a”",βataʔ,
50,βa2nih,Num,three,tres,waʔni,huaniʔ,βaʔnuh!,
51,βaa,Vt,dig,escarbar,wa!,huan',848°,
52,βee,Aff,yes,si,we’,hue’,βee,
53,βee dá neβee dá ni,Con,and then,y entonces,weʔ dáʔ ni,hueʔ danʔ ni”,βee daʔ neʔ,
54,βeh,Vi,"jump, leap","saltar, brincar",wehʔ,huej,βehʔ,
55,βeʔ,N,house,casa,weʔʔe,hue”e,βeʔ,"βeʔe M-Al, M-At, M-DT, M-Ja, M-ʃJ, M-Y βiʔe M-Ay βiʔi M-Co βaʔa C-CP, C-ʃM"
56,βih,Num,two,dos,wi”,huui”,βih!,"o8i M-AD uβi C-CP, C-ʃM, M-Ay, M-Co, M-Ja, M-ʃJ"
57,βi2ii,Adj,blond,rubio,wiiʔ,hui’i,βiʔii!,
58,dah,Adj,"delicious, tasty","delicioso, sabroso",dah,daj,dah”,
59,dah,Adv,thus,así,dah‘,daj’,dah’ʔ,
60,dah,Que,how,cómo,dah‘,daj,dah',
61,daa,Np,animal,animal,daʔ,danʔ,"daa""",
62,dáh,Det,that,"ese, aquel",dáhʔ,"danj""",dáʔ”,
63,dah,Prn,that,"ése, aquél",dáhʔ,danj,dá”,
64,deʔdiʔreʔriʔ,Prn,you,usted,reʔ,re,diʔ!,
65,dih,Adj,"quiet, calm",quieto,di!,din',dihʔ,
66,doh,Adj,more,más,dohʔ,doj,doh’,
67,doh,Qnt,"a few, a little, less","algunos, pocos, menos",doh”ʔ,dojʔ 3,dohʔ,
68,s4ʔ,Adv,far,lejos,gaʔ,gan’°,giʔ!,
69,of,Adj,"tepid, lukewarm",tibio,gr,guin’,git’,
70,goh,Adv,last year,año pasado,gohʔ,gojʔ,gohʔ,
71,"9""ii¡ o",N,"day, sun","día, sol",g’i’,giti,gi’,
72,kagaʔ,N,"metal, bottle","metal, botella",gagaʔ,paga,kagaʔʔ,
73,kah,N,"beam, rafter, girder",viga,kahʔa,caja,kah,
74,kaki#i,N,nail,clavo,gaki',gaqui',kakiiʔ,
75,kakiʔ,N,"sin, blame","pecado, culpa",gaki2%,gaquinin,kakúʔ,
76,kaffi,Adj,"thin, skinny","delgado, flaco",gati”,gatin,kattiti',
77,katseʔ,N,smoke,humo,"gatseʔ""e",gatse”e,katseʔʔ,
78,katsii,Adj,white,blanco,gatsi’,"gatsi”""",katsii',
79,katsiʔ,N,honey,miel,gatsiʔ‘i,gatsi’4i,katsiʔ,
80,katʃih,N,cotton,algodón,gatʃihi,gachij'i,katʃih’,"katʃi M-Al, M-DT kat’i M-Ja, M-ʃJ kuti C-ʃM"
81,katʃaʔ o,N,"shadow, shade",sombra,gaftiʔ th”,gaxun “unhʔ,katʃtiʔ’,
82,katsaʔ,Adj,wide,ancho,gatsaʔ,gachra’,katsaʔ'kasaʔ’,
83,katsii,N,"wheel, circle","rueda, círculo",gatsT”,gachrin”,katsiiʔ,
84,kaʔ,N,ocote,ocote,kaʔ,ca'ʔ,kaʔʔ,
85,kaʔaa,N,steam,vapor,gaʔáʔ,ganan”,kaʔaa’!,
86,kaʔáh,Num,four,cuatro,gaʔ4,gan”an”,kaʔáhʔ,
87,kaa,N,calabash,calabaza,káʔ,can,k32ʔ,
88,kaa,N,"seed, grain","semilla, grano",ká%,can,kaa’ʔ,
89,kah,N,sandal,huarache,káhʔ,canj”,kahʔ,
90,kiniʔkuniʔ,N,prickly pear,tuna,guniʔ“i,guni’i,kiniʔkiliʔ,
91,kitsiʔkutsiʔ,N,comb,peine,gutsiʔth,gutsi’“ij,kitsiʔʔ,
92,kiúʔkuyúʔ,N,Friday,viernes,gitʔ ti,guiun'un,kuʔ ytʔ’,
93,kiʔyookoʔyoo,N,grass of milpa,zacate,giʔyo,gui’yo,kK30ʔyoo!,
94,kih,Adj,bad,malo,kih,"quij""",kih,
95,kih,N,mountain,montaña,kih%i,quijʔi,kihʔ,
96,k,H,bark,corteza,"ki""",qui',kiiʔ,
97,kih,N,batter,masa,kih’i,quinjin,kúhʔʔ,
98,ko,Num,twenty,veinte,ko,co,ko,
99,koh,N,herb,hierba,koh%o,cojʔ0,kohʔ”,
100,koloh,N,turkey,guajolote,goloh'o,goloj0,kolohʔ,"kolo M-At, M-Ja, M-Ji, M-ʃJ"
101,konoʔo,N,"medicine, remedy","medicina, remedio",gonoʔo”,gono 0,konoʔo”,
102,kotungokutungu,N,ʃunday,domingo,gudungu”,gudungu”,kotungo”,
103,koʔngok”eʔngo,N,Monday,lunes,e “emngo”,giie’ngo,koʔngoʔ,
104,koʔo,Vt,drink,"beber, tomar",goto”,go’o,20%,
105,koʔoo,N,plate,plato,goʔoʔ,go’o’,koʔ00°,"koʔ0 M-At, M-DT, M-Ja, M-ʃJ kuʔu C-ʃM"
106,kufih,N,Tuesday,martes,guwih’i,guhuij‘i,kuβih!,
107,kuki,Adv,yesterday,ayer,gukiʔ,guqui,kiʔ,
108,kuma4,N,rain,lluvia,gumá”,guman,maa’!,
109,kunuu,Adj,deep,hondo,gunu°,gunun”,kunuu!,
110,kuruβii,N,monkey,"mono, chango",guruwi,guruhui”,kuruβiiʔ,
111,kuruʔ,N,fist,puño,guruʔuhʔ,guru ujʔ,kuguʔʔ,
112,kutsiai,N,oven,horno,gutsú',guchrun',kutsúú”kotsúttsúiʔ,
113,kutsuu,Vi,rotwood,pudrirse,gutsuʔ 3,guchruʔ 3,kutguu”,
114,kuu,N,bone,hueso,ku!,cul',kuuʔ,
115,kuʔmáá,N,swelling,hinchazón,guʔma”,gu manʔ,kuʔmáá”,
116,ku2nah,Vi,"be called, be named",llamarse,guʔnah',gu'naj”,kuʔnah!,
117,"k""eh",N,pus,pus,"k""ehʔ",cuej,"k""ehʔ",
118,"k""etáʔ",N,Saturday,sábado,"g""eta2'4",gietanan,"""etaʔ!",
119,k”eʔnih,N,Wednesday,miércoles,g”eʔnih’i,giie’niji,"k""eʔnuh!",
120,"k""ikaʔá4h",N,Thursday,jueves,giga ahʔ,"giiigan”” anj""","kPkaʔahʔe""iiʔ kaʔah'ʔ",
121,lak”eh,N,mucus,moco,"lak""ehʔ",lacuej”,k”ehʔ,
122,Makaa,,Mexico,México,Maka’,Maca’,Makaaʔ,
123,maree,Adj,green,verde,mare”,mare”,maree”',
124,maree,Adj,red,rojo,mareʔ,mare”,maree!,
125,maruu,Adj,black,negro,maru”,maru”,maruu”:,
126,matsih,N,sheep,"borrego, oveja",matsihi,matsiji,"matsih”""",
127,matʃit,N,monkey,"mono, chango",matʃi-,machinʔ,matʃiʔ,
128,maʔa,N,self,mismo,maʔa,man’an,maʔa!ʔ,
129,má,Vi,exist,"existir, hay",máʔ,man”,máʔ,
130,máá,Adj,only,solamente,maʔ,man,maa!,
131,mah,Adj,thick,grueso,mahʔ,mmanj,mahʔ,
132,nane,N,water,agua,ne”,nne,na”,
133,naa,Adv,"past time, anterior time","tiempo pasado, tiempo anterior",na’,na’,naa”,
134,naa,N,cornfield,milpa,na”,nna,naa”,
135,naβenafi,N,hat,sombrero,nawi,nahui”,naβe'ʔ,
136,nag”ih o,N,salamander,salamandra,"nag""ib'i",nagúij i,"g""ih!",
137,naka,Adj,new,nuevo,nakaʔ,naca”,naka!,
138,nakah,Vt,"gather, collect",recoger,nakah,nacaj,nakahʔʔ,
139,nakiʔyah,Vr,"fix, repair",componer,nagiʔyahʔ,nagui yaj,nakiʔyahʔ,
140,nak,Kih,atole,atole,naKih%,naquinjin,nakúhʔ”,
141,ma,Kk,NA,llamar,aki!,aquin',naktitʔ,
142,nakoo,Adj,dry,seco,nako,naco”,nakoo!,
143,nakoo,Vi,dry,secarse,nako,naco,nakoo®!,
144,namah,N,nightmare,pesadilla,mahʔ,mmanj’an,namáhʔ,
145,namiiramii,N,"fat, grease","manteca, grasa",nami”,nami”,ramii”,
146,nananane,N,"wind, air, voice","viento, aire, voz",nane”,nane”,na na,
147,nanah,Adv,slowly,despacio,nanah,nanaj‘,nanah”,
148,naneʔenanifi,Vr,recognize,reconocer,naniʔiʔ,naniʔ,naneʔeʔ,
149,nanih,Vr,lower,rebajar,nanikʔ,nanij,nanihʔʔ,
150,nanii,Vi,escape,escaparse,nani”,nani,"nanii”"" Ch",NA
151,nani,Vt ,tell,"contar, narrar",nani”ʔ,naniʔ,nano”,
152,nanuña,Vr,mend,remendar,nanuwa’,nanuhua’,nanuña,
153,naraʔaararafaa,Vi,get married,casarse,raraʔaʔ,rara'aʔ,na°raʔaa’”,
154,nariʔ,Vr,"find, meet","hallar, encontrar",nariʔ,nari’,nariʔʔ,
155,naruβii,Vt,erase,borrar,naruwi’,naruhui’,naruβii”,
156,naruʔβee,Vr,"repay, pay back, refund, liquidate","repagar, liquidar",naruʔwe~,naruʔβee”,"naru""ue",NA
157,nasih,Vi,"arrive, reach",llegar,nasih’,nasij’,nazih”,
158,nataa,N,string bean,ejote,natʔ,natan”,natááʔ,
159,nato,N,banana,plátano,nato’,nato,nato”,
160,natuna,Vt,change,cambiar,naduna”,naduna”,natuna’,
161,natsiiratsii,N,tomato,"jitomate, tomate",natsT”,natsinʔ,rats”,
162,natʃenatʃi,Vt,"untie, unleash, let go","desatar, soltar",natʃiʔ,nachi,natʃeʔ,
163,natsaanutsaa,N,pimple,espinilla,nutsáʔ,nuchran”,natsáaʔ,
164,njayaa,Vt,read,leer,ayaʔ,aya,nayaa”,
165,naʔaa,Vt,sting,"arder, escocer, picar",naʔ,nan’an,naʔá4ʔ,
166,naʔáh,N,lime,cal,naʔah‘a,nan’anj‘an,naʔah,
167,naʔβenaʔβi,Vt,clean,limpiar,naʔwiʔ,naui”,naʔβeʔ,
168,naʔβeh,Vt,be unwilling,no querer,naʔweh,na uej,naʔβehʔʔ,
169,naʔβiiraʔβii,N,citrus fruit,fruta cítrica,naʔwi,"na""ui",raʔβiióʔ,
170,nafnih,Vr,open,abrir,naʔnihʔ,na’’nij°,naʔnuhʔ,
171,náa,Vt,wash cloth,lavar,na!,nan',naa,
172,nah,Adj,dense,"tupido, denso",náh,nanjʔ,nah’ʔ,
173,náh,N,cigarette,cigarro,nahʔá,nnanjan,náh”,
174,náh,N,net,red,náhʔ,nnanj”,nahʔ,
175,naʔ2,Vi,return,regresar,naʔ”,nan’,naʔʔ,
176,ndaa,Pre,until,hasta,nda”,nda,ndaa!”,
177,ne,Vi,"live, sit","vivir, sentarse",neʔ,nneʔ,neʔ,
178,neni,Con,and,y,ni’,ni,ne’,
179,nee,Adj,naked,desnudo,ne’,nne’,nee!,
180,nee,N,"meat, flesh",carne,neʔ,nne,nee’,
181,nee,N,plow,arado,neʔ,nne,neeʔ,
182,neh,N,dream,sueño,neh’e,nnej°e,neh”,
183,neka,N,scissors,tijeras,neka,neca,ne’ka!ʔ,
184,neʔ,N,"rope, cord","mecate, cuerda",ne”e,nnee,neʔ”,
185,neʔniʔ,Prn,we in,nosotros,neʔ”,ne’’,niʔ,
186,neʔeh,N,baby,"bebé, nene",neʔe,nee,neʔehʔ,
187,neʔenifi,Vt,"see, know","ver, saber",niʔiʔ,ni'i,neveʔ,
188,nga,Pre,with,con,nga”,nga”,ga’,
189,ngaa,N,cloud,nube,nga’,ngaʔ,ngaa’,
190,ngaa,Con,when,cuando,nga”ʔ,nga,gaa’,
191,ngaa nengaa ni,Con,and then,y entonces,nga” ni’,nga”’ ni’,gaa’ne”,
192,nganihkanih,N,shoe,zapato,nganih°,nganijʔ,kaʔnuh,
193,ngoh,Adj,grave sound,grave,ngohʔ,ngoj”,ngohʔ 2,
194,niaa,N,sweat,sudor,nia”,nia”,niaa”!,
195,niaʔ,Adj,"happy, glad, cheerful","feliz, contento, alegre",niaʔ,nia”,niaʔ’,
196,nijáih,Adv,here,aquí,nahʔ,nanj,nidhʔ,
197,niah,Det,this,este,nah’,nanj’,niáhʔ,
198,nijáh,Prn,this,éste,náhʔ,nanjʔ,niáhʔ,
199,nih,Vi ,fall,caer,nik”,"nij""""",nih”,
200,nii,N,"mother, mama","madre, mamá",niʔ,nni”,niiʔ,
201,nika,Adj,straight,"recto, derecho",nika,nica,nika,
202,nika,N,"spouse, consort","esposa, esposo",nika,nica’,ni'kaʔ,
203,nikah,Vt,"have, take, carry","tener, llevar",nikah,"nicaj""",niʔkah’,
204,nikeniki,Adj,poor,pobre,nikiʔ,niqui,nike’ʔ,
205,nikoonokoo,Qnt,"many, much",mucho,niko”,nico,nokoo’,
206,nikoʔnokoʔ,Vt,follow,seguir,nikoʔ®,nico’°,nokoʔ,
207,ninah,Adj,tired,cansado,ninah”,"ninaj""",ninah””,
208,nini,Adj,"different, apart","diferente, aparte","nini""",nini,nino’®,
209,nifirift,N,chayote,chayote,nifi',nitin,rti[rtéʔ|sti [st8],
210,nitsaa,Adj,"full, filled",lleno,nitsaʔ,nichraʔ,nitsaa”,
211,nitsah,Adj,"sticky, gluey",pegajoso,nitsah'a,nichrajʔa,nitsah',
212,nitsúʔ,Adv,near,cerca de,nitstiʔ””,nichrun”,nitsúʔ',
213,niyah,N,nixtamal,nixtamal,niyah'a,niyaj'a,niyah”,
214,niyah,Adj,"rough, coarse","rasposo, áspero",niyáh”,niyanj”,niyah'ʔ,
215,niʔnaʔ,Adj,alive,vivo,ni2naʔʔ,ni’na’’,niʔnaʔ’,
216,niʔyah,Vt,look,mirar,niʔyah™’,ni’yaj,niʔyahʔ,
217,ni2ʔya,Vi,forget,olvidar,niʔyú”,ni”yun,niʔyú,
218,nih,N,"skin, hide, leather","piel, cuero",nih®,nnij,nuhʔ,
219,niʔ,Qnt,all,todo,niʔ°ih,ni’ij,nuʔ!,
220,noʔ,Prn,she,ella,0ʔ,o’,noʔ”,
221,nuβih,Adj,cold,frio,nuwihʔ,nuhuij’,nuβih'ʔ,
222,nubβiʔ,Vi,not be present,no estar,nuwiʔ,nuhui”,nuβiʔʔ,
223,nuh,N,pimple,grano,nuhʔ,nuj,nuhluhʔ,
224,"nuk""”ah",Adj,strong,fuerte,nuk“ahʔ,nucuaj’,nuk“ah’ʔ,
225,"nuk""aʔaaruk""a2aa",Adv,together,"juntos, juntamente","nug""aʔ4",nuguan'an”,rk“aʔaa'sk”aʔaa',
226,numa,Vi,return,regresarse,numa,numan”’,"numá“nomá""namá",
227,nutaarutaa,N,tamal,tamal,nuta”,nuta”,rtaa”staa” ',
228,nurβenurβi,Adj,smooth,liso,nuʔwi,nu’uiʔ,nuʔβe!1uʔβe,
229,oh,Vt,"shell, shuck",desgranar,ohʔ,oj’,ohʔ,
230,rakoh,Vt,pluck,desplumar,rakohʔ,racojʔ,rkoh2skoh”,
231,rasúú,N,thing,cosa,rasú,razun,raizút”,
232,ratʃiʔ,N,ocote,ocote,rat$i2%,rachi’i,ratʃi2rutʃiʔ,
233,ratsúú,N,bread,pan,ratsii’,rachrun',ratstitiʔ,
234,raʔa_ o,N,hand,mano,raʔa’,ta’a’,raʔaʔ,
235,raʔaa,N,mushroom,hongo,raga’ʔ,ran’an,raʔaa°,
236,raʔah,Vi,dance,bailar,ra°ʔah°,ran’’anj°,raʔah°,
237,rafyah,Adj,rapid,rapido,raʔyah°,ra’yanj°,raʔyah’,
238,ráa,Adj,"firm, tight","firme, apretado",rá,"ran""",11979447,
239,rah,Vt,"buy, purchase",comprar,rahʔ,ranj,ráhʔ,
240,rekaʔ,N,branch,ramita,rekaʔ'a,reca’a,rkaʔskaʔ,
241,rekeʔ,N,"splinter, chip",astilla,rekeʔe,requee,rkeʔskeʔʔ,
242,rekoh,N,branch,rama,rekoh'o,recoj'o,rkoh2skoh”ʔ,
243,rekoo,N,custard apple,chirimoya,reko,reco,rkooʔ 2skooʔ 2,
244,"rek""a",N ,hoe,coa,"rek""aʔ",recuaʔ,"rk""ask""a",
245,reto,N,blanket,cobija,reto”,retoʔ,reʔ toʔrotoʔ,
246,reʔerifi,Vi,urinate,orinar,riʔ,ri’i°,reʔe,
247,rofoh,Vt,throw,tirar,rolohʔ,rée'éjʔ,riʔihʔ,
248,riaa,N,reed,carrizo,ria',ria',riaa”,
249,riaʔ,Vt,"shoot, fire",disparar,"riaʔ""",ria',riaʔ,
250,riaa,N,face,cara,ria”,"rian""",rida’ʔ,mu
251,riaá,Pre,ontop of,"sobre, encima de",riáʔ,"rian""",rida’ʔ,
252,rikeriki,N,belly,barriga,riki°,riquiʔ,rkeʔ skeʔ,
253,rikeriki,Pre,"in, within, under","debajo de, dentro de",rikiʔ,riquiʔ,rkeske,
254,rikeriki,Vt,give,dar,riki',riqui',rkeske,
255,rinth,Vi,"groan, moan",gemir,rinihʔ,rinij,rmuhsnuhʔ,
256,riʔ,Vt,"get, obtain","obtener, conseguir",12%,i 5,riʔ,
257,rilyih,Vt,cook,cocer,riʔyáh,"ri’yanj""",riʔyah,
258,rokoʔoo,N,tray,bandeja,rogoʔo”,rogo 0”,"tkoʔ00 skoʔ00""°",
259,ruβa,N,seed of calabash,semilla de calabaza,ru2waʔ,ru“huaʔ,ruβa‘,
260,rudaʔ,N,handle of grindstone,mano del metate,rudaʔa,rudaa,rdaʔ,
261,ruh,N,pot,olla,ruhʔ,ruj’,subʔ,
262,"rukutsaʔruk""atgaʔ",N,board,tabla,rug”atsaʔ'a,ruguachra'%a,rku°tsaʔ sku’tsaʔ,
263,"ruk""eʔeruk""iʔi",N,peach,durazno,"rug""¡Pi",rugii%i,"rk""e2esk""eʔe",
264,rumii,Adj,lazy,perezoso,rumi,rumi”,rmii'smii!,
265,rumii,N,ball,"pelota, bola",rumiʔ,rumiʔ,"rmii”""smii”""",
266,rumiʔ,Adj,dark,oscuro,rumiʔ,rumi”,rmiʔʔsmiʔ,
267,runarune,N,avocado,aguacate,runeʔ,ru’ne,rma‘sna,
268,runee,N,bean,frijol ,rune’,rune“,rmee’snee™,NA
269,rutsii,N,"pole, stick",vara,rutsi”,rutsi,"rutsiiʔ""",
270,ruʔβiʔ,N,charcoal,carbón,ruʔwiʔi,ru'ui”%,ruʔ βiʔ,
271,ruína,N,knot of a rope,nudo,ruʔnaʔ,ru'naʔ,ruʔna”,
272,saa nesaa ni,Con,but,pero,sani’,sani,zaa” ne,
273,sayúú,N,"difficulty, accident","problema, cosa difícil, accidente","sayú""",sayun,saytitʔ,
274,saʔ,Adj,good,bueno,saʔ°a,sa’°a,zaʔ!,
275,saʔáh,N,money,dinero,satáh'á,san anjan,saʔáh,
276,se,Neg,not in potential aspect,no,se”,se”,zeʔ,
277,segaʔsigaʔ,Np,"clothing, cloth, fabric","ropa, trapo, tela","sigaʔ""",sigan”,segáʔ,
278,se2eh,N,ring,anillo,setehe,se’ej'e,seʔehʔʔ,
279,siaa,Adj,sharp,"puntiagudo, filoso",sia’,sia’ ch siaa' Co,NA,NA
280,sigoʔ,N,mud,lodo,sigaʔ’o,sigué’’é,sigiʔ,
281,sigiʔ,N,chewing gum,chicle,sigiʔ’i,sigui’i,sigiʔ,
282,sikaʔ,Adj,hard,duro,sikaʔ°a,sica’a,skaʔ!,
283,sikii,Adj,delicate,delicado,sikiʔ,siquiʔ,skii’,
284,sikii,N,crust,costra,si'ki,si“qui”,skii,
285,sikii,N,"copal, resin","copal, resina",siki,siqui',skiiʔ,
286,sikoh,N,"belly, stomach","panza, estómago",sikoh,sicoj,skoh,
287,sikuh,N,corner,rincón,sikuhʔ,sicujʔ,skuhʔ,
288,sini,N,skirt,falda,sini,sini,sno,
289,snaʔusnoto,Adj,male,macho,snaʔu,sna'u,sno20,
290,soh,Prn,you pl,"vosotros, ustedes",sohʔ,sojʔ,zohʔ,
291,soʔ,Pr,he,él,soʔ,so'ʔ,zoʔ,
292,soʔ,Prn,you sg,tú,soʔ,so',zoʔ,
293,soʔo,Adj,deaf,sordo,soʔo,"so""0",soʔo'”,
294,stuh,N,tiger,tigre,stuhʔu,stuju,stuhʔ,
295,sundohsunduh,N,favor,favor,sunduhu,sunduj‘u,sndo”ʔ,
296,sunduʔ,N,doll,muñeca,sundu”,sundu,snduʔ”ʔ,
297,siú,N,work,trabajo,súó,sun,zúúʔ,
298,fakaa,N,crow,cuervo,ʃaka”ʔ,xaca’’,fkaa”,
299,akaa,N,pig,"marrano, puerco, cerdo",faka!,xaca!,fkaaʔ,
300,fakah,Vt,"buy, purchase",comprar,fakahʔ,xacaj”,fkahʔʔ,
301,fakaa,Adj,tall,alto,faka°,xacan,Jkaa',
302,ak”i_,N,bumblebee,abejorro,"$ak""ʔ",xacuin,"fk""ʔ [Jk”@]",
303,fataa,N,eagle,águila,fata”,xata,ftaa”,
304,fatah,N,bird,pdjaro,fʃatah‘a,xataj'a,ʃtah”ʔ,
305,ʃataʔ,Adv,"up, upward",arriba,fataa,xata'a,fraʔ!,
306,ʃatsuuyatsuu,N,zapilote,zapilote,ʃatsu',xachru',yatsuuʔ,xfa Num eleven once fáʔ xan” Ch 344! Co
307,ʃih,Adj,"big, large",grande,ʃiʔ,xxi,fih',
308,fii,N,grandfather,abuelo,ʃi,xi’,3ii'ʔ,
309,fikaʔah,Num,fourteen,catorce,figaʔ’ahʔ,xigan’°anj,fkaʔah’,
310,ʃi,Ki,scorpion,"alacrán, escorpión",ʃiKi,xiquin,fk titʔ,
311,fikoh,Adj,jealous,celoso,fikohʔ,xicoj’,fkoh',
312,fikoo,N,shoulder,hombro,ʃiko',xico',ʃkoo”,
313,filuu,N,cat,gato,filu’,xilu’,$luuʔ cat,NA
314,filuu,N,worm,gusano,filu!,xilu',fluu’,
315,finah,Adj,"spicy, hot",picoso,ʃinah,xinaj,fnahʔ,
316,ʃináh,Np,net,red,finah’,xinanj’,fnáhʔ,
317,finee,N,"ditch, trench",zanja,fine!,xine',fnee”,
318,finuʔ,Num,fifteen,quince,finuʔ,xinun’,fnuʔʔ,
319,firakah,N,lizard,lagartija,firakaha,xiracaj'a,skahʔʔ,
320,firak#,N,cockroach,cucaracha,firakiʔ,xiraquin’,skútrakútʔ,
321,firikii,NA,N grasshopper,chapulin,firiki!,xiriqui',skii,
322,firikih o,N,frog,rana,ʃirikih’,xiriquij’,rikih’’,
323,firiʔyaa o,N,tadpole,renacuajo,ʃiriʔya,xiri”yan,riʔy34”,
324,"firuk""aa",N,rib,costilla,firuk”a®,xirucua’,"sk""aa""ru'k""aaʔ",
325,fitsaa,N,back,espalda,fitsa!,xichra',saa”,
326,fitsaa,Pre,"on top of, over",encima de,fitsa!,xichra',saa’,
327,fitsiʔ,N,intestine,intestino,ʃitsiʔ’,xichri’,siʔ’,
328,fitsoh,N,trousers,pantalones,fitsohʔo,xichrojʔ0,sohʔ”,
329,ʃitsuu,N,cheek,cachete,fitsu”,xichruʔ,suuʔ”',
330,fiftnaa,N,hanger,hambre,fitna,xi'na,fʔnaaʔ 2,
331,ʃiʔnáh,Vi,abound,abundar,"ʃiʔnah""","xi'nanj""",ʃ2náhʔ”,
332,fi2nit,N,side,lado,fiʔni!,"xi""ni'",ʃʔnuu’,
333,fifnii,Pre,"next to, beside","junto a, al lado de",fi2ni!,xPni!,$ʔnuu,
334,52,N,trap,trampa,$2,i,312,
335,f00,N,turtle,tortuga,fo”,xo”,300°,
336,f\tuk,Gʔ,nephew,sobrino,dukú2,ducun”,ftuktiʔʔ,
337,fukuu,N,animal,animal,fukuʔ,xucu’,fkuuʔ,
338,fuk”aa,N,ant,hormiga,"fuk""aʔ",xucuaʔ,"$k""aaʔ",
339,"fuk""aa",N,snake,culebra,"fuk""a!",xucua',"ʃk""aaʔ",
340,"ʃuk""ah",N,fish,"pescado, pez","fuk""ahʔa","xucuaj""a","$k""ah",
341,"ʃuk""aʔáh",N,grandmother,abuela,"fug”""aʔáʔ",xuguan'an”,"ʃk""a2ah!”",
342,"ʃuk""a44",N,heron,garza,"fuk""á%",xucuan”,"$k""a4%",
343,futah,N,deer,"venado, ciervo","futah""",xutaj”,ftahʔ,
344,futáá,N,bee,abeja,futáʔ,"xutan""",ftáGʔ,
345,futáá,N,fly,mosca,futá!,xutan',ftaa°,
346,futuu,N,"rat, mouse","rata, ratón",ʃutu’,xutu’,ftuu”,"“ʃia N bat murciélago $ú%xun"" Ch 300°ʔ Co"
347,taa,N,plain,llano,taʔ,taʔ,taaʔ,
348,taa,Vi,beontop,estar encima,ta!,ta',taaʔ,
349,tah,Vt ,say,decir,tah,"taj""",tah,
350,takaa,N,hill,loma,dakáʔ,dacan',takáaʔ,
351,takitakúú o,N,nose,nariz,daki',daquin',takúúʔ,
352,takoo,N,foot,pie,dako',daco',takooʔ,
353,tanee,N,elbow,codo,daneʔ,daneʔ,taneeʔ,
354,tanihtunih,Vc,lower,bajar,dunihʔ,dunij”,tanih”ʔ,
355,tanii,Pre,"between, among, in the middle of","entre, en medio de","dani""",dani,tanuuʔ,
356,tatáʔ,N,lung,pulmón,dataʔ'4,datanan,"ta""t4ʔʔ",
357,tatʃatutʃa,Vc,"feed, nourish",alimentar,dufaʔʔ,duxa”,"tatʃa""",
358,taʔaa,Vt ,"grab, grasp, catch","agarrar, coger",daʔa,da'al,taʔaaʔ 2,
359,taʔah,Adj,"half, middle",mitad,daʔahʔ,da'aj”,taʔah,
360,taʔlohteʔloh o,N,rooster,gallo,deʔloh’o,de’loj’o,taʔlohtaʔloo”ʔ,
361,taʔíngaʔ,N,"sign, signal",seña,daʔngaʔa,da'nga”a,tamgaʔ,
362,taʔngaʔ,Vt,allocate,repartir,daʔngaʔ,da’nga’,taʔngaʔ’,
363,taʔmii,N,child,"hija, hijo",daʔni',da’ni',taʔniiʔ,
364,taʔniʔ,N,uncle,tío,daʔni!,da’ni',taʔnuʔʔ,
365,tah,N,thorn,espina,tah°a,tanj’an,táh,
366,t4ʔ,N,ear of corn,mazorca,t424h,tan”anj,t47,
367,tigih,Vt ,put in,meter,digih”,diguij”,tigih®,
368,tikaβiʔ,Ve,"kill, murder","matar, asesinar",digawiʔ”,digahui’ʔ°,tikaβiʔʔ,
369,tikaʔmaa,Vc,"heat, warm",calentar,digaʔmiʔ,diga’man’,tikaʔmaa,
370,tinaʔahtunaʔah,Vc,"turn off, shut off",apagar,dunaʔah”™,duna’aj°,tinaʔahʔ,
371,tint,N,nopal a kind of cactus,nopal,dini,dini,tino”,
372,tinik,N,brother,hermano,dini!,dini',tinuu’,
373,tiffi,Vt,pinch,pellizcar,difi',ditin',titútʔ,
374,tifnii,Np,corn,maíz,diʔni!,di’ni',tiʔnuuʔ,
375,fih,Num,eight,ocho,tih',tinj Co túhʔ Co,NA,NA
376,to,N,grindstone,metate,to,to%,to”ʔ,
377,tokoʔtukoʔ,Ve,"hang, put up",colgar,tukoʔ,tuco”,tokoʔ,
378,tokoʔo,Vc,make somebody drink,hacer beber,dogoʔo”,"dogo’o""",tokoʔ0°,
379,too,N,milk,leche,to,to,too”,
380,tukotuku,Vi,play,jugar,tuku,tucu’,tukotiko”,
381,tukuta,Vc,"glue, stick",pegar,dugutaʔ,duguta”,tukutaʔ,
382,tukutsee,Vc,"wet, moisten",mojar,dugutseʔ”,duguchre,tukutseeʔʔ,
383,tukuʔnah,Vc,name,"nombrar, dar nombre",duguʔnahʔ,dugu'naj”,tukuʔnahʔ,
384,"tuk""a",Np,house,casa,"duk""aʔ",ducua”,"tuk""a",
385,"tuk""ane",Ve,bathe,bañar,"dug""ane”",duguane,"tuk""ane”ʔ",
386,"tuk""atʃee",Vc,make somebody walk,hacer caminar,"dug""atʃe",duguache',"tuk""atʃeeʔ",
387,"tuk""atʃih",Vc,"raise, rear, breed, adopt","criar, adoptar","dug""atʃih”",duguachij,"tuk""atʃih”",
388,"tuk""atʃiʔ",N,niece,sobrina,"dug""atʃiʔ",duguachi”,"tuk""atʃiʔ",
389,tuk”atʃi,Ve,pass,hacer pasar,"dug”""atʃʔ",duguachinʔ,"tuk""atʃí [tuk""aché]",
390,"tuk""aʔmgaʔ",Vc,make somebody laugh,hacer reír,"dug""aʔngaʔ”",dugua nga”,"tuk""aʔngaʔ",
391,"tuk""4a o",N,"groove, furrow, rut, line","surco, linea",duk™a’,ducuan',"tuk ""44",
392,tunah,Vc,"leave, abandon","dejar, abandonar",dunahʔ,dunajʔ,tunahʔ,
393,tuneʔ,N,tail,cola,duneʔ,dune”,tune”,
394,tusih,Vc,"complete, finish",hacer completar,dusihʔ,dusijʔ,tuzihʔ,
395,tutʃuʔβiʔ,Vc,"scare, frighten, surprise","espantar, sorprender",dufuʔwiʔ,duxw'ui”,tutʃuʔβiʔʔ,
396,tutsii,Adj,blind,ciego,dutsi,duchri”,tutsii’ʔ,
397,tuʔ2βa,N,"mouth, edge","boca, orilla",duʔwaʔ,du’ua’,tuʔβaʔ,
398,tuʔβetuʔβi,N,aunt,tía,duʔwi',dw'ui',tuʔβeʔ,
399,tuʔβee,Adj,expensive,caro,duʔwe,"du""ue",tuʔβeeʔ,
400,tuʔβeh,Vt,sell,vender,duʔwehʔ,dw'uejʔ,tuʔβehʔ,
401,t,N,blood,sangre,tiʔ,tun,tú” [137],
402,tsetsi,N,elote,elote,tsi”,tsi,tseʔ,
403,tsii,Adj,hard meat,duro,tsiʔ,tsiʔ,tsii!,
404,"tsi2,",Adj,sweet,dulce,tsiʔ°,tsi’°,tsiʔ’,
405,tʃa,Vt ,eat,comer,faʔ,xa,tʃa,
406,tʃabetʃabi,Vt,lick,lamer,ʃawi’,xahui,tʃaβe,
407,tʃafii,N,"butterfly, drawing","mariposa, dibujo",ʃawiʔʔ,xahui,tʃabii”,
408,tʃamáh,Vt,swallow,tragar,famáhʔ,xamanj”,tʃamahʔ,
409,tʃana,N,woman,mujer,fanaʔ,xana’,tʃa°na’,
410,tʃangaʔ,Adv,"truly, really",de veras,ʃangaʔʔ,xanga’’,tʃangaʔ Afingaʔ,
411,tʃatáá,N,pineapple,pifia,fat’,xatan,tʃa’taa'ʔ,
412,tʃaʔaa_ =,N,hummingbird,"colibrí, chupamirto",ʃata”,xa’a°,tʃaʔaaʔ ',
413,tʃaʔaa,N,dove,paloma,faʔá”,xa'an”,tʃaʔá2ʔ,
414,tʃaʔáá,N,skunk,zorrillo,fatáʔ,xan'anʔ,tʃaʔá4ʔ,
415,tʃaʔβee,N,nit,liendre,faʔwe',xa’ue',tʃaʔβee°,
416,tʃaʔβii,N,gnat,mosco,faʔwi”,xa’ui’,tʃaʔβiiʔʔ,
417,tʃafnih,Num,-thirteen,trece,faUnihʔ,"xamij""",tʃaʔnuh!,
418,tʃaʔuu,N,owl,búho,fatu”,xa'u”,tʃafuu”,
419,tʃaʔyah,N,coyote,coyote,faʔyáhʔ,xa”yanjʔ,tʃaʔyaáh”,
420,tʃeʔetʃidi,N,foot,pie,$iʔió,"xi""i",tʃeʔeʔ,
421,tʃia,N,neck,"cuello, pescuezo",ʃiaʔ,"xia""",tʃia’,
422,fiaa,N,crab,cangrejo,ʃid,xian’,tʃida’,
423,tʃiaʔ,Adj,"tasty, delicious","sabroso, delicioso",fiaʔ,xian’°,1514ʔ!,
424,tʃih,Num,seven,siete,tʃih,chij,t5ihʔ,
425,tʃinga,N,fence,cerca,fingaʔ,xinga”,tʃinga”,
426,tʃioo,N,comal,comal,fio’,xio',tʃioo”,
427,fi2,Num,ten,diez,t$i2,chi,tʃiʔʔ,
428,tʃifii,Adj,bad,malo,fiʔi,xi’i’,tʃitii’,
429,tʃiʔii,N,"sickness, illness",enfermedad,ʃit”,xii,"151210""",
430,tʃilngah,N,excrement,excremento,fiʔngah,xi’ngaj,tʃiʔngah,
431,tʃfuñee,N,dog,perro,fuwe”,xuhue”,tʃuñeeʔ,
432,tʃubih,Num,twelve,doce,fuwih',xuhuij',tʃuñih!,
433,tʃfumáʔ,N,"town, village",pueblo,fumaʔa4,xuman'an,tʃumaʔʔ,
434,tʃumetʃumi,N,barn owl,lechuza,fumi,xumiʔ,tʃume,
435,tʃunee,N,fox,zorro,funeʔ,xune”,tʃunee”,
436,tʃutʃee,N,hen,gallina,ʃutʃe,xuche,tʃutʃee”tʃitʃeetʃee”,
437,tʃutʃih,N,louse,piojo,futʃih'i,xuchij%,tʃutsihtʃitgihtinʔ,
438,tʃu2βiʔ,Vi,"be scared, be frightened","tener miedo, espantarse",fu2wiʔ,xwui”,tʃuʔβiʔ,
439,tsaa,N,tortilla,tortilla,tsaʔ,chraʔ,tsaaʔ,
440,tsaʔ,N,"song, music","canción, música",tsaʔ’ a,chraa,tsaʔ,
441,tseh,N,road,camino,tseh’e,chrej’e,tseh”,
442,tsiʔ,N,pasture,pasto,tsiʔ°i,chrin’in,tsiʔʔ,
443,tsoo,N,soot,tizne,tso”,chroʔ,tsoo”,
444,tsuh,Adj,"busy, narrow, reduced","ocupado, angosto, reducido",tsuhʔ,chrujʔ,tsuh!ʔ,
445,tsuh,N,"fruit, egg","fruta, huevo",tsuhʔ,chruj,tsubʔ,
446,tsuu,N,cricket,grillo,tsuʔ,chru,suuʔ,
447,tsúú,Adj,"ready, prepared","listo, preparado",tsti’,chrun,tstiti”,
448,tsúú,N,"tree, pole","lefa, árbol, palo",tsiʔ,chrun,tsiit,
449,tsiai,N,box,"caja, cajón",tsúl',chrun',tstifiʔ,
450,unáh,Vi,run,correr,unahʔ,unanj’,unáhʔ,
451,uni,Vi,"hear, understand","oír, entender",uniʔ,uniʔ,unoʔ,
452,uniʔ,Vi,fight,pelear,uniʔ”,unr+,unuʔ,
453,uno,Vt ,sow,sembrar,uni,unun”,uno”,
454,utaʔ,Vt,place on top,poner encima,utaʔʔ,uta',utaʔ”,
455,utaa,Vt,suck,chupar,uta,utan,utááʔ,
456,ufiʔ,Vt,"tear apart, cut to pieces, use up, consume","despedazar, gastar",utiʔʔʔ,utin”,utiʔ,
457,utsii,Vi,suckle,mamar,utsiʔ,utsi”,utsiiʔ,
458,utʃiʔ,Vi,arrive,llegar,"utiʔ""","uchi”""",utʃiʔ,
459,utsaa,Vi,vomit,vomitar,utsa!,uchran',utsááʔ,
460,utsuh,Vt,"put, place",poner,utsuh,"uchruj”""",utsuh”,
461,utsúh,Vt,sniff,olfatear,utsúhʔ,"uchrunj”""",utsúhʔ 2,
462,uʔaʔ,Num,five,cinco,uú,un'un”,uʔúʔ!,
463,yaa,N,tongue,lengua,ya”,yya,yaa””,
464,yabii,N,month,mes,awi',ahui”,yaβii”ʔ,
465,yaβii,N,moon,luna,awi',ahui,yaβiiʔ,
466,yah,Adv,now,ahora,yah™,yyaj° ʃ,yah'ʔ,
467,yah,N,ash,ceniza,yahʔ,yajʔ,yahʔ,
468,yah,N,flower,flor,yah'a,yajʔa,yah”,
469,"Yak""eh",,Oaxaca,Oaxaca,"Ak""ehʔ","Acuej""","Ya ik""ehʔ",
470,yana,N,bed,cama,naʔ,nnaʔ,yana’,
471,yatáiá,N,blackberry,zarzamora,ata,atan,yatáa,
472,yatáʔ,N,foam,espuma,ata2%,atan’“an,yataʔʔ,
473,yatiʔ,N,star,estrella,atiʔ!,atr,yatiʔ,
474,yatsih,N,"clothing, cloth, fabric","ropa, trapo, tela",atsih'¡,atsij'i,yatsih,
475,yatsuu,N,"powder, dust",polvo,tsu”,chru,yatsuuʔ ',yut’i M-ʃJ yutʃi M-ʃM yaka C-ʃM
476,yatsuʔ,N,gourd,jícara,"atsuʔ""u",achru'u,yatsuʔʔ,
477,yala,N,root,raíz,yaʔa',ya'a',yaaʔ,"yoʔo M-DT, M-Ja, M-ʃJ, M-ʃM"
478,vaʔaa,N,brush,"cepillo, escobilla",yaʔa’,ya’a°,yaʔaa”,
479,yaʔah,N,chili,chile,yaʔahʔ,ya’aj’,yaʔahʔ,
480,yaʔ4,N,"fire, light","fuego, luz",yaʔa’,yan’an',yaʔa’”,
481,yaʔi14,Adj,hot,caliente,ya‘ʔa°,yan’an,yaʔaa,
482,yaʔah,N,god,dios,yaʔaha,yan’anj‘an,yaʔáhʔʔ,
483,yaʔáh,N,musical instrument,instrumento musical,ya eahea,yan” anjʔan,yaʔáhʔ,
484,yaʔβee,N,"plaza, market","plaza, mercado",raʔweʔ,ra’ue’,yuʔβeeʔ 2,"yaʔβi M-Ay, M-Ja yaʔu M-Al, M-Yo nuyaʔhi M-Ja, M-ʃJ"
485,ya’nih,Adj,tender,tierno,ʔnihi,’niji,yaʔnih',
486,ya’nuh,N,fertilizer,abono,aʔnuh’,a’nuj,yaʔnuhʔyaʔluh’,
487,yi,Rel,where,donde,ya!,yan,yá”,
488,yia,Adj,"single, unmarried",soltero,ya,yan Co yáá” Co,NA,NA
489,waa,N,scar,cicatriz,yá,yan”,yaa’,
490,yaai,N,salt,sal,ya,yan,yaa’,
491,yaa,N,olote,olote,yáʔ,"yan""",yáa,
492,yah,N,paper,papel,yáh',"yanj""",yáhʔ,
493,yah,N,wax,cera,yahʔá,"yanj""an",yahʔ,
494,yaʔ,N,tooth,diente,"yáʔ""",yan',yáʔ,
495,yoh,N,stone,piedra,yoh',yéj,yihʔ,
496,yoo,Adj,light weight,ligero,yo,yo,yoo”,
497,yoo,Adv,quickly,rápido,yo”,yo,yoo”,
498,yoo,N,basket,tenate,yoʔ,yo,"yoo""",
499,yoo,N,cane,caña,yo”,yo,yoo”ʔ,
500,yoʔ,N,year,año,yoPo,yoo,yoʔ,
501,yol00,N,"earth, ground",tierra,yoʔo',yo’o',yoʔoo”,
502,yubaayubñee,Adj,"fierce, ferocious","bravo, feroz",weʔ,huue,yuβaa’,
503,yuñeyufi,Adj,hidden,escondido,wi,huui”,yuβe!,
504,yuβee,N,maguey,maguey,we,huue,yuñee”,yaβi M-ʃJ yau M-ʃM yifa C-ʃM
505,yuβee,N,mat,petate,we!,huue!,yuñeeʔ,yuñi M-ʃJ yiβa C-ʃM
506,yuβeh,N,rock,"roca, peña",weh'e,huueje,yuβeh”ʔ,yaβa C-ʃM
507,yumi,N,camote,camote,mi”,mmi,yume”ʔ,yaʔmi M-ʃJ naʔtmu M-ʃM paʔmi M-Ja
508,yumii,N,bridge,puente,mi”,mmi”,yumii”',
509,yumiʔ,N,soap,jabón,miʔi,mmi”1,yumiʔ,
510,yuu,Adj,sour,agrio,yu,yu,yuu!,
511,yuʔβeyuʔβi,Adj,"raw, uncooked",crudo,"2wi""",uiʔ 3,yuʔβe!,
512,yvurβeh,N,thread,hilo,ʔwehre,’uej’e,yuʔβehʔʔ,"yurβa M-At, M- Ja, M-ʃJ yuʔa M-ʃM"
513,yuʔβeʔ,N,"snow, ice","nieve, hielo",2we%e,"""uee",yuʔβeʔ,yuʔβa M-Ja
514,yutuh,N,hole,hoyo,yuruhu,yu’uju,yuʔuh”,
515,yúh2úh,Prn,I,yo,yúh',yunj”,2tih’,
516,yúú,N,palm,palma,ya’,yun’,yar,
517,yúú,N,"time, occasion",vez,yaʔ,yun’,ytiti’,
518,ʔ,Num,nine,nueve,,in,titʔ,
519,ʔ%maʔ,Vi,come,venir,naʔ,’na’ʔ,ʔnaʔʔ,
520,ʔngo,Num,one,uno,2ngo™,’ngo”,20°,
521,Onit,,corn,maíz,ʔni!,’ni',ʔnuuʔ,
522,ʔyah,Vt,"do, make, construct, cause","hacer, construir, causar",ʔyahʔ,yaj,ʔyah’,
523,2yo0,Adj,humid,húmedo,ʔyo,yo,ʔyoo”,
