"ID",1,2,3,4,5,6,7,8,9,10,11,12,13,14,15,16,17,18,19,20,21,22,23,24,25,26,27,28,29,30,31,32,33,34,35,36,37,38,39,40,41,42,43,44,45,46,47,48,49,50,51,52,53,54,55,56,57,58,59,60,61,62,63,64,65,66,67,68,69,70,71,72,73,74,75,76,77,78,79,80,81,82,83,84,85,86,87,88,89,90,91,92,93,94,95,96,97,98,99,100,101,102,103,104,105,106,107,108,109,110,111,112,113,114,115,116,117,118,119,120,121,122,123,124,125,126,127,128,129,130,131,132,133,134,135,136,137,138,139,140,141,142,143,144,145,146,147,148,149,150,151,152,153,154,155,156,157,158,159,160,161,162,163,164,165,166,167,168,169,170,171,172,173,174,175,176,177,178,179,180,181,182,183,184,185,186,187,188
"Spanish","lluvia","maguey","petate","cuatro","pluma","cola","cera","nariz","palabra","está cerca","árbol","venado","manteca","olor","tortilla","vomita","flojo","cama","comal","culpa","frijol","agua","río","lodo","hermano de h.","tres","diente","cinco","amargo","carne","rojo","se fue","siete","hilo","animal","se acaba","blanquillo","espuma","sangre","marido","sal","red","jícara","calabaza","tejón coatí","comida","salado","huipil","trabajo","algodón","viento ","hombre","redondon","horno","cajón","zancudo","esperar","podrido","agarrar","tendón","soplar","cuarta","dueño","poner (huevo)","grande (sg.)","cuello","va a venir","cuerno","culebra","feo","cerro","armadillo","chueco","año","ceja","pus","demonio","amarillo","coser","va a cargar","aquel","abajo","toda la noche","caliente","maíz","pared","temprano","abierto","ocho","jitomate","ejote","mitad","caña","olla","aguardiente","miel","sobaco","espiga","gente","pueblo","humo","comer","gavilan","verdad","lumbre","seis","uña","rastrojo","masa","hijo","catarro","bueno","porque","este mismo","ya viene","basura","gato","nopal","pie","corta","quince","tripas","diez","frio","huarache","horcon","nombre","cacao","oreja","sabroso","cerrado","pasado mabana","dulce","abora","agujero","tiene miedo","pobre","dos","alacran","salir","pintar","rata","hinchazon","grano","truena","arco iris","pajaro","rana","ombligo","orina","chachalaca","liso","chico","dia","cuando","llano","como","cargar","cucaracha","pegameuto","enfermedad","ver","despacio","casa","mamey","moler","ala","banquito","milpa","ayer","otro","peine","se nacio","sabio","piedra","boca","yo","rocio","hierba","surco","calzon","sacerdote","fierro","sabra","ardilla","floja","pesado","tobaco"
"English","rain","agave","straw mat","four","feather","tail","wax","nose","word","near","tree","deer","lard","smell","tortilla","vomits","lazy","bed","griddle","sin","bean","water","river","mud","man's brother","three","tooth","five","bitter","meat","red","(he) went","seven","thread","animal","it finishes","egg","foam","blood","husband","salt","net bag","gourd","squash","coati","food","salty","blouse","work","cotton","wind","man","round","oven","box / drawer","mosquito","wait for","rotten","grab","tendon","blow","handspan","owner","lay (egg)","big (sg.)","neck","will come","horn","snake","ugly","hill","armadillo","crooked","year","eyebrow","pus","demon","yellow","sew","will carry","that","below","all night","hot","grain of corn","wall","early","open","eight","tomato","green bean","half","cane","clay pot","liquor","honey","armpit","tassel","people","town","smoke","eat","hawk","truth","fire","six","fingernail","cornstalk","cornmeal","child","cold, phlegm","good","because","this one","is coming","trash","cat","prickly pear","foot","cuts","fifteen","guts","ten","cold","sandal","housepost","name","cacao","ear","tasty","closed","day after tomorrow","sweet","now","hole","afraid","poor","two","scorpion","go out","paint","rat","swelling","pimple","it thunders","rainbow","bird","frog","navel","urine","chachalaca","smooth","little","day","when","plain","how","carry","cockroach","glue","sickness","see","slow","house","mamey","grind","wing","stool","cornfield","yesterday","other","comb","be born","smart","stone","mouth","I","dew","brush","furrow","trousers","priest","brand","will know","squirrel","loose","heavy","tobacco"
"P-Mixtec","*sawiʔ","*yawiʔ","*yiwiʔ","*kɨwi̧ʔ","*towi̧","*luʔwȩʔ","*yuwȩʔ","*siti̧ʔ","*toʔo̧","*yeti̧","*yutu̧ʔ","*isu","*seʔȩ","*siko","*sitaʔ","*ⁿduxȩʔ","*suxȩʔ","*xito","*xiyoʔ","*kʷeti","*ⁿdutiʔ","*ⁿdute","*yute","*ⁿdeʔyu","*yeni","*oni","*noʔo","*oʔo̧","*owe","*koyo̧","*kʷeʔe","*kʷeʔȩ","*uxe","*yuʔwe","*kɨtɨʔ","*ⁿdɨʔɨʔ","*ⁿdɨwɨ","*tɨ iyu̧","*nɨyɨ̃ʔ","*yɨɨʔ","*yɨɨ̃ʔ","*yonoʔ"," *yexi̧ʔ","*yɨkɨ̃ʔ","*yɨyɨ","*ⁿdeyuʔ","*oʔwe","*siko̧","*tiyo̧","*katiʔ","*tatiʔ","*teye","*kute","*xitu̧","*xetu̧ʔ","*tɨ kʷeyɨ͂ʔ","*ⁿdetuʔ","*teʔyu","*tɨɨ͂ʔ","*tuti","*tɨwɨ","*too","*xi toʔo","*xeki̧","*kaʔnu","*suku̧ʔ","*kixi","*ⁿdɨkɨʔ","*kooʔ","*kini","*yukuʔ","*yakʷi̧ʔ","*yakʷeʔ","*kʷiya","*sɨkʷaʔ","*lakʷaʔ","*kʷiʔna","*kʷaa̧","*ku ɨku","*ku iso","*yuku a̧","*nino","*niyu̧","*iʔniʔ","*noniʔ","*nawa̧","*neʔe","*nuneʔ","*one","*tɨ lanaʔ","*ⁿditi","*sawa","*ⁿdooʔ","*kɨsɨ","*ⁿdɨsi","*ⁿdusi","*leʔyiʔ","*yokoʔ","*ye͂ yɨwɨʔ","*yuu̧","*yuʔwe͂","*xexiʔ","*tasu̧ʔ","*ⁿdixe","*yuʔu̧","*iyo̧","*tiyi̧ʔ","*yawa̧ʔ","*yuxe͂ʔ","*saʔyi","*sayu","*waʔa","*wati","*weye͂","*wexi","*wiʔi̧ʔ","*wiluʔ","*wiʔⁿdeʔ","*xeʔe","*xeʔⁿde","*xeʔu̧","*xɨtɨ","*uxi","*wixi̧","*ⁿdixe͂ʔ","*sɨʔɨ͂","*sɨwɨʔ","*sɨʔwa","*loʔo","*asɨ͂ʔ","*ⁿdesɨ","*isa","*wisi̧","*witi̧","*yawi","*yuʔwi","*ⁿdaʔwi","*uwi","*tɨ luʔwe͂ʔ","*keyiʔ","*kaʔyu","*tɨyɨ͂ʔ","*kʷɨyɨ͂","*ⁿdɨʔyɨ","*kaʔⁿdɨ","*koo yeⁿdiʔ","*tɨ laa","*laʔwa","*leⁿdu","*lele","*laxe͂ʔ","*lɨʔwɨʔ","*luʔu","*kɨwɨʔ","*awa̧","*yosoʔ","*ⁿdese","*ⁿdisoʔ","*tɨ teʔyaʔ","*ⁿdeka","*kʷeʔyi","*ⁿdeʔya","*kʷeye","*weʔyi","*ⁿdikaʔ","*ⁿdikoʔ","*ⁿdixi̧","*teyu","*itu","*iku","*tuku","*kuka","*ni kaku","*tuʔwe","*yuuʔ","*yuʔyuʔ","*yuʔu","*yuyuʔ","*yuku","*yuku̧","*xetu","*sutu","*tuni","*kuni","*kʷeyu̧ʔ","*taya","*weyi","*ino"
"Ayut","sawiʔ","yawiʔ","yiwiʔ","ku̧mi̧ʔ","tu̧mi̧","su̧ʔma̧ʔ","ñu̧ma̧ʔ","šiti̧ʔ","tu̧ʔu̧","yati̧","itu̧ʔ","isu","ša̧ʔa̧","šiko","šitaʔ","ⁿduša̧ʔ","suša̧ʔ","(i)što/šito","šiyoʔ","kʷači","ⁿdučiʔ","[ti kʷii]","itʸa","ⁿdeʔi","ña̧ni̧","u̧ni̧","nu̧ʔu̧","u̧ʔu̧","uƀa","ku̧ñu","kʷaʔa","kʷa̧ʔa̧","uša","yuʔƀa","kitiʔ","ⁿdiʔiʔ","ⁿdiwiʔ","[pele]","ni̧i̧ʔ","iiʔ","i̧i̧ʔ","ñu̧nu̧ʔ","yaši̧ʔ","iki̧ʔ","kitii","[ña̧ šaši]/ⁿdeiʔ","ūʔva","šīʰku̧","ču̧u̧","kāʰčiʔ","tāʰčiʔ","tʸāa","tī kʷīʰtʸā",,"šāʰty","tikʷɨɨʔ","ⁿdʸaʰtūʔ","teʔi","tī̧í̧","tuʰči","tīvī","too","[te šī̧i̧ʔ ña̧ʔa̧]","šaʰki̧","kaʔnu̧ʔ","suʰku̧ʔ","kiši","ⁿdiʰkīʔ","kōoʔ","kini̧","iʰkūʔ","yakʷi̧ʔ","yāʰkʷāʔ","kʷīya","išiʔ šiʰkʷaʔ","ⁿdakʷāʔ","[te ki̧ni̧ kuuʔ]","kʷā̧ā̧","[nā̧ʰku̧]","kʷiso","[ñā̧a̧ʔ]","[ⁿdʸe͂̄ny]","nī̧ñū̧","i̧ʔni̧ʔ","nu̧ni̧","nā̧ma̧","nʸa̧ʔa̧","nū̧nʸā̧ʔ","u̧nʸa̧","ti na̧na̧ʔ","ⁿdiči","tāʔviʔ sava","ⁿdooʔ","kisi","ⁿdiši","[ñu̧ñu̧ʔ]","šeleʔ","yōʰkoʔ","nya̧ yiviʔ/ng yiviʔ","ñu̧u̧","ñū̧ʔma̧","šišiʔ/šāšiʔ=tortilla snot","tāsuʔ","ⁿdiša","ñū̧ʔu̧","ī̧ñu̧","či̧i̧ʔ","ñā̧ma̧","išaʔ","sʸēʔɛ→siʔɛ","sei","vaʔa","saʰka̧ʔ ña̧/sāʔa a ña",,"ša kʷaši","mi̧ʔi̧","(mī̧šty)","vī̧ʔⁿdʸa","šāʔa","šāʔⁿdʸā","ša̧ʔu̧","šiʰti","ūši","viši̧","ⁿdīša̧","si̧ʔi","kiviʔ","siʔva ","soʔo","āsi̧ʔ","ⁿdāsi̧","īsā","vīši","viʰti̧","yāvi","yīʔvī","ⁿdāʔvī","ūvi","ti sūʔma̧","[kēʰtāʔ]/kīɛʔ","kēʔi","ti̧i̧ʔ","kʷi̧ñu̧","ⁿdiʔi","kā̧ʔⁿdī","kōo(ʔ) ya̧ᵑgīʔ/kōo(ʔ) ya̧ᵑkīʔ","saa","saʔwa","šalu","[tʸaša]","ⁿdašā̧ʔ","ⁿdiiʔ","lūlū","kīviʔ","[kīiʔ]","yosoʔ/[ñu̧ʔū̧ ⁿdāā]","saa","ⁿdīsōʔ","ti tīʔɛʔ","[ti kʷiī kīšī̧ʔ]","kʷiʔɛ","[šīnī̧/šīʰtōʔ]","kʷiɛ","viʔɛ/vʸeʔɛ","ⁿdīʰkāʔ","ⁿdīʰkōʔ","ⁿdiši̧","[iʰtū̧ʔ ⁿdu̧ʔuʔ]","iʰtu","iʰku","tuʰku/iⁿga","vīʰka","kaʰku",,"yūuʔ","yūʔú","yūʔu/-i","yūyūʔ","[yuƀa]","yūku̧","šaʰtu","su̧ʰtu","[kaa]","kuni̧","ⁿdi kʷēī","taya","vīɛ","kū̧nu̧ʔ"
"Yolx","sawi","yawi","yuwi","ku̧mi̧","tu̧mi̧","su̧ʔma̧","yu̧ma̧","isti̧","tu̧ʔu̧","yati̧","itu̧","isu","ša̧ʔa̧","siko","ista","ⁿdusa̧","ʂuʂa","nisto","šio","kʷwači","ⁿdučiʔ","[ti kʷii]","ita","ⁿdaʔyu","ña̧ni̧","u̧ni̧","nu̧ʔu̧","u̧ʔu̧","uwa","ku̧ỹu̧/ku̧ñu̧","kʷaʔa","kʷa̧ʔa̧","uʂa","yuʔwa","kiti","ⁿdiʔi","ⁿdiwi","[pele]/ñu̧ñu̧/ỹu̧ỹu̧","nì̧í̧","ii","i̧i̧","yu̧nu̧","yaši̧","iki̧","ii","ⁿdayu","uʔwa","siku̧","čiñu̧","kači","tači","taa","kʷita","šitu̧","ṣatu","tikʷɨɨ","ⁿdatu","taʔyu","ti̧i̧","tuči","tiwi ⁿdaa","too","is toʔo","saki̧","kaʔnu̧","suku̧","kisi","ⁿdiki","koo","kini̧","yuku","yakʷi̧ʔ","[yoʔo]/yakʷa","kʷia","šikʷa̧","ⁿdakʷa","ta kʷi̧ʔna̧","kʷa̧a̧","kiku","kʷiso","ika̧","[ⁿdiʔa ñu̧u̧]","[ⁿdisa ñu̧u̧]","ni̧ʔni̧","nu̧ni̧","[ⁿdika]","[ista̧a̧]","nu̧na̧","u̧na̧","ti na̧na̧","ⁿdiči","sawa","ⁿdoo","kisi","[ⁿduteʔnī̧]/ⁿdiši","[ñu̧ñu̧]/ⁿduši","šeʔe","yoko","ni̧vi","ñu̧u̧","yu̧ʔma̧","na̧ sisi","tasu̧","ⁿdisa","ñu̧ʔu̧","i̧ñu̧","či̧i̧","ya̧ma̧","yusa̧","seʔe","sayu","waʔa",,,"waši","mi̧ʔi̧","(mi̧stu)","wi̧ʔⁿda","saʔa","saʔⁿda","sa̧ʔu̧","siti","uši","wiši̧","ⁿdisa","tu si̧ʔi̧","kiwi","siʔwa ","soʔo","asi̧","ⁿdasi","isa","wiši","witi̧","yawi","žuʔu","ⁿdaʔwi","uwi","ti su̧ʔma̧","[kete]","kaʔyu","ti̧i̧","kʷi̧ñu̧","ⁿdiʔi","ka̧ʔⁿdi","kʷa̧ᵑgi","saa","saʔwa","ša̧ⁿdu",,"ⁿdasa̧","ⁿdiʔwi","luu","kìwí (cf. name)","a̧ma̧","yoso","sa kee","ⁿdiso","ti teʔe","ⁿdaka","kʷeʔe","[sito]","kʷee","weʔe","ⁿdika","ⁿdiko","ⁿdiši̧","tayu","itu","iku","tuku","wika","kaku",,"yuʔu","yuʔu","yuyu","yuyu/[kuʔu]","yuku̧","yuku̧","satu","sutu","[kaa]/tu̧ni̧","ku̧ni̧","ⁿdi kʷa̧ñu̧","taya","wee","ⁿdi ku̧nu̧"
"Alac","sàwì/sàƀì","yawi/yaƀi","yiƀi","komi̧","tò̧mi̧","si̧ʔma̧","ñi̧ma̧","siti̧/sitni̧","tò̧ʔo̧/tnò̧ʔò","yati̧/yatni̧","yitò̧/yitnò̧","yusu/ⁿdʸusu","sà̧ʔà̧",,"sìtà","ⁿduša","šúšá̧","šito","šìyò","kʷači","đučù","[ti kʷii]/*ⁿduta","yuta","ⁿdaʔyi","ya̧ni̧/ña̧ni̧","o̧ni̧/u̧ni̧","no̧ʔo̧","o̧ʔo̧","yoƀa","kò̧ño̧/kù̧ño̧/kò̧ñu/kù̧ñu̧","kʷáʔá","kʷà̧ʔà̧/[sà̧ʔà̧]","uša","yìʔwa/ìʔwa","kiti","ⁿdiʔi","ⁿdìƀì",,"yii","yii","yi̧i̧","ño̧no̧","yaši̧","yikì","yii ma̧ toʔo/yii taka","ⁿdeyu",,,"či̧ño̧","kači","tači","taa",,,,"[tìkṍ]","ⁿdati","taʔyi","ti̧i̧/tni̧i̧",,"tiƀi",,"šito","[či kaa]","kaʔno̧/katno̧","siko̧","kiši","ⁿdiki","kòò","kini̧","yuku","yakʷi̧ʔ/đʸakʷi̧","yakʷá","kʷiya","isi sikʷa",,,"kʷa̧a̧","kuku","kʷiso","yukʸ æ/yuku a","nì̧nò̧",,"ñi̧ʔni̧","no̧ni̧","na̧ma̧","[ta̧a̧/tna̧a̧]","no̧na̧","o̧na̧/u̧na̧","ti na̧na̧","ⁿdiči",,"ⁿdoo","kìsi","ⁿdisi","[ñò̧ñù̧]",,"yoko","nì̧ƀi","ño̧o̧","yì̧ʔmà̧/ñì̧ʔmà̧","šaší","tasi yaʔa","ⁿdiša","ỹo̧ʔo̧/ño̧ʔò̧","i̧ño̧","čí̧ì̧","ña̧ma̧/ỹa̧ma̧","yuša","saʔya","sayi","wàʔa/ƀàʔa","či",,"waši","mì̧ʔí̧","(mí̧štó)/(čito̧/čitu̧/čitno̧)",,"šàʔà","šáʔⁿda","šaʔu̧",,"ušu","ƀiši","ⁿduša̧",,"kiƀi",,"sòʔo","yàsì̧","ⁿdasi","yisa","ƀisi","ƀitni̧/ƀiti̧",,"yiʔƀi","ⁿdáʔƀí","oƀi",,"keè/[kèta] ","kaʔi/kaʔyi","tnì̧í̧/tì̧í̧ olđ/young",,"ⁿdiʔi","kaʔyi(?)",,"saa","saʔwa",,,,,"loʔo/[válí]","kìƀì","a̧ma̧","yoso","nđa saa","ⁿdíso",,"ⁿdaka","kʷeʔe","ⁿdaʔya=visit","kʷee","ƀeʔe",,"ⁿdiko","ⁿdiši","tayì","yutu","[kuni̧]","[ingà]","kʷìkà",,,"yùù",,"yìʔì",,,,,"sùtù",,,,,,
"Metl","sàƀìī",,"yūƀì","kù̧mī̧","tū̧mī̧","sù̧ʔma̧",,,"tù̧ʔū̧",,"yūtú̧",,,"šīkò","šītà",,"šúšá̧",,,"kʷàčī",,"ⁿdùtʸá","ítʸā","ⁿdʸáʔyū",,,,,,"kù̧ñù̧","kʷáʔā",,,,"kītí","ⁿdīʔī","ⁿdìƀì","[lōlò]","n(ī̧)ì̧ī̧",,"ī̧ì̧.ī̧",,"yaši̧",,"ī̧ī̧ ̀",,,,,,,"tʸaa",,,,,,,,,,,,,,,,,"kòō","kī̧nī̧",,"yākʷi̧",,,"šīkʷà",,,"kʷá̧á̧",,,"kà̧ā̧",,,,"nù̧nī̧","nā̧mà̧",,,,,"ⁿdìčí",,,"kìsī",,,,,"yūúƀī",,"ñú̧ʔmā̧","šášī",,,,,"čí̧ì̧",,,"séʔē",,"ƀáʔà",,,,,"ƀīlú",,"šàʔā","kāʔⁿdʸā/ va a cortar",,"sītī tīšī=estómago",,,,,"kìƀì",,,"yàsī̧",,"īsá","ƀìšì",,,,,,"ti sù̧ʔmà̧","kēē",,"tì̧ī̧","kʷī̧ñū̧",,,,"sāā",,,,,,"[ƀálí kʷači]",,,,,,,,,,,"ƀéʔē",,,,"tʸāyù","ītū",,,,,,"yùū","yùʔū","yūʔù",,,,,,,,,,,
"Coi","(kú̧ū̧)","yàƀí","yùƀí","kù̧mī̧","tū̧mi̧","[ⁿdōʔó]","ñù̧má̧","šìtí̧","tù̧ʔū̧","žāčī̧","ʔītú̧","ʔísū","šà̧ʔà̧","šīkò","šita","ⁿdúšā","na šuša̧","šìtó","šìyó","kʷàčí","ⁿduči","[ti kʷii]","itʸa","ⁿdʸaʔyu","ña̧ni̧","ù̧nì̧","nù̧ʔú̧","ʔu̧ʔu̧","ʔuƀa","ku̧ñu","kʷáʔá","kʷà̧ʔà̧","ʔùšà","yùʔƀà","kiti","ⁿdiʔi","ⁿdìƀí","ši̧ñu̧","nì̧í̧","īǐ","ʔì̧í̧","ñū̧ ̀nú̧","yaší̧","īkí̧","íī","[ña̧ kuši]","ʔuʔva","šìku̧","čiñu̧","kāčí","tači","tʸàa","[ti ⁿdùú]","šitu̧","šàtú̧","ⁿdi kʷi̧i̧","ⁿdaItu","tʸaʔyu","tí̧ī̧","tuči","tívi",,"[ma̧ʔna̧]","šaki","káʔnū̧","sùkú̧","kiši","ⁿdiki","koǒ","kíní̧","yūkú","yākʷà","yākʷá","kʷiya","šìkʷá","ⁿdākʷà","kʷi̧ʔna̧","kʷá̧a","kíku","kʷiso","[ña̧a̧]/ʔika̧","ni̧nu̧","ni̧ñu̧ yaa","ʔi̧ʔni̧","nù̧ní̧","nā̧`mà̧","na̧ʔa̧","nú̧ná̧","ʔu̧na̧","tì na̧na̧","ⁿdiči","sava","ⁿdòó","kìsí","ⁿdiši","[ñu̧ñu̧]","šeʔle","yōkó","ñà̧ yūví","ñu̧u̧","ñu̧ʔma̧","šiši","tàsú̧/[ši̧ʔi̧a̧]","ⁿdiša","ñú̧ʔū̧","ʔì̧ñú̧","či̧i̧","tʸa̧ma̧","yuša̧","sèʔe","sayu","ƀaʔa","nu̧ kuƀi/či","mi̧i̧","ƀaši","(kʷayua)","(čitu)","ƀi̧ʔⁿdia","šàʔá","šaʔⁿde","šàʔù̧","siti","ʔùšì","ƀiši̧","ⁿdìšà̧","siʔi","kìví",,"sòʔó","yàsí̧","ⁿdasi","[yaʔa iti̧a̧]/ʔīsá","ƀiši","ƀiči̧",,"yuʔvi","ⁿdaʔvi","ʔūvì","ti su̧ʔma̧","[ká̧na̧]","kaʔyu","tí̧í̧","kʷi̧ñu̧","ⁿdìʔī","ká̧ʔⁿdì",,"saa","[ko̧ⁿdo]/[lekʷe]","laⁿtu",,"[ti ⁿdaka]","ⁿdiʔvi","loʔo","kìví","ʔa̧ma̧","yōsò","na̧ saa","ⁿdíso","ti teʔe","ⁿdʸaka","kʷeʔe","[šítuʔni]","kʷee","veʔe","ⁿdika kʷaʔa","ⁿdíkō","ⁿdiši̧","tʸayu","ʔitu","[kuni]","tuku","kʷika","kaku","[kama]","yùú","yuʔu","[mii]/yuʔū","yuu","yuku","[čiči]","šatu","sùtù","tù̧nì̧","[ku ⁿdaa ini]","ⁿdi kʷa̧ñu̧","[taši]","vèē","yuku nu̧"
"Pera","(kú̧ū̧)","žàAƀí","žiʔƀi","kò̧o̧mí","tò̧mi̧","[ⁿdoʔo]","ʔi̧i̧má̧","šiȼi̧","tù̧ʔu̧","yaȼi̧","ʔìtǔ̧","ʔusu","šà̧ʔá̧","šiko","šita","ⁿdušā","[kušu]","šìtó","šixʸó","kʷàčí","ⁿduči","[či kʷii]","ʔiȼá","ⁿčaʔyi","ña̧ni̧","ù̧nì̧","nu̧ʔu̧","ʔù̧ʔù̧","ʔoƀa","ko̧ño̧","kʷaʔa","kʷà̧ʔa̧","ʔùšà","žiʔƀa","kiȼì","ⁿčiʔi","ⁿȼīƀí","či ki̧ñu̧","nì̧i̧í̧","ʔīIî","ʔì̧i̧í̧","ñū̧u̧nū̧","žàAšī̧","ʔikì̧","žii","ⁿdʸažu","ʔoʔva",,"[tu ⁿdoʔo]","kači","tàčí","ȼʸàxá","[koʔⁿdo]",,"satu̧","[ⁿda iši]","ⁿdaAyu","čaʔi","ȼi̧i̧","[ȼi tu̧ʔu̧]","ȼivi",,"stoʔo","šaki̧","kaʔnu̧","soOko̧","kiši","ⁿčiki","kòoǒ","kini̧","[koʔ đo] yuku=ƀosque","žàkʷi̧","žakʷa","kʷia","šì kʷáá","ⁿdaAkʷa","rà kʷí̧ʔná̧","kʷá̧à̧","kuUku","[kʷi̧i̧]","ʔiká̧","nì̧nù̧","[ⁿȼii ñu̧u̧]","ʔi̧ʔni̧","nu̧Uni̧","na̧Ama̧","na̧ʔa̧","nu̧na̧","ʔo̧na̧","ȼi na̧na̧","ⁿčiči","sava","ⁿdò0ò","kìsi","ⁿčiši","[ñu̧Uñu̧]","čiši šeʔe","žōkō","ña̧ žívī´","ñu̧u̧","ʔi̧ʔma̧","šiši","tasi/[šiʔña̧]","[ⁿdaa]","ñu̧ʔu̧","ʔi̧Iñu̧","čī̧Iī̧","ñā̧Amā̧","ʔìšá̧","seʔe","saži","ƀaʔa","či","mi̧i̧","ƀaši","(šeʔe)","(čitu)","ƀi̧ʔⁿȼʸa","šàʔà","šaʔⁿȼʸa","šà̧ʔù̧","šiȼi","ʔušì","ƀisi̧","ⁿčiša","si̧ʔi̧","kìví","siʔƀa ","sòʔó","ʔasi̧","ⁿdasi","ʔīsá","ƀiši","ƀiȼi̧",,"ʔí žiʔvi","ⁿdaʔvi","ʔivi","so̧ʔma̧","kee","na̧ kaʔi","ȼi̧i̧","kʷi̧ñu̧","ⁿčìʔi","ka̧ʔⁿȼi",,"saa","saʔva/[sikʷi]","ša̧ⁿdu",,,"ⁿȼiʔi","loʔo","kìví","ʔa̧ma̧","žōsó","na̧ha(ʔa)","ⁿčiso","ȼi čeʔe","ⁿčàkà","kʷeʔe","ší ⁿčeʔe","kʷee","veʔe",,"ⁿȼiko","ⁿčiši̧","ȼaži","ʔuUtu","[koni]","tuku","kʷika","kaAkui",,"žùʔú","žuʔu","žuʔu","žužu","žuku","[čiIči]","šaAtu","sutu","tò̧nì̧","(ƀiȼi) ku̧ñu̧","ⁿči kʷa̧ñu̧","taža","vèEé","ša̧nu̧=cigarro kʷiInu̧"
"Cuat","(ko̠o̠) sawi","yawi","yiwi","ku̧mi̧","tu̧mi̧","si̧ʔma̧","i̧ma̧","šiti̧","to̧ʔo̧","yati̧","itu̧","yusu","ša̧ʔa̧","šiko","šita","ⁿduša̧","šuša","šito","šiyo","kʷači","ⁿduči","[ti kʷii]/*ⁿduta","ita","ⁿdaʔyi","ña̧ni̧","u̧ni̧","no̧ʔo̧","o̧ʔo̧","yowa","ku̧ñu̧","kʷáʔá","kʷa̧ʔa̧","uša","iʔwa","kiti","ⁿdiʔi","ⁿdiwi","či ki̧ñu̧","nī̧ì̧","yii","ñì̧ì̧","ño̧no̧","yaši̧",,"[ti ma̧ʔa̧]","ⁿdayi","yoʔwa","šiku̧/šiko̧","čo̧o̧","kači","tači","taa","či kʷita","šito̧","šato","ⁿdi kʷi̧i̧","ⁿdati","taʔyi","ti̧i̧","tuči","tiwi","too","štoʔo","šaki̧","kaʔno̧","siku̧","kiši","ⁿdiki","koo","kini̧ ni̧ kaa","yuku","yakʷi̧ʔ","yakʷa","kʷiya","šikʷa","lakʷa","[timi̧a̧]/ta kʷi̧ʔna̧ = lađrón","kʷa̧a̧","kuku","si kʷiso","[ña̧a̧]","ni̧no̧","ni̧ño̧","ñi̧ʔni̧","no̧ni̧","na̧ma̧","[šta̧a̧]","nu̧na̧","o̧na̧","ti na̧na̧ ča̧ᵑgi","ⁿdiči","sawa","ⁿdòò","kisi","ta ⁿðiši","[ñu̧ñu̧]","šeʔe","yoko","[na̧ʔa̧]","ño̧o̧","ñi̧ʔma̧","šiši","[ši̧ʔña̧]","ⁿdiša]","ño̧ʔo̧","i̧ño̧","či̧i̧","ña̧ma̧","yuša̧","sèʔe","sayu","ƀaʔa","nu̧ kuƀi/či","mi̧i̧","(ša) waši","mi̧ʔi̧","(mi̧stu̧)","wi̧ʔⁿda","šaʔa","šaʔⁿda","ša̧ʔu̧","šiti","uši","wiši̧","ⁿduša̧","si̧ʔi̧","kiwi","siʔwa semilla, chocolate","soʔo","yasi̧","ⁿdasi","isa","wiši","witi̧",,"yiʔwi","ⁿdaʔwi","owi","ti si̧ʔma̧","kee","kaʔyi","ti̧i̧/ti yoto","kʷi̧ño̧","ⁿdiʔi","ka̧ʔⁿdi","koo ya̧ʔᵑgi","saa","saʔwa","ša̧ⁿdi",,"ⁿdasa̧","ⁿdiʔwi","loʔo","kiwi","a̧ma̧","yoso","ni̧sa","ⁿdiso","[tʸu̧u̧]","ⁿdaka","kʷeʔe","[šito]","kʷee","weʔe","ⁿdika","ⁿdiko","ⁿduši̧","tayi","yutu","[kuni]","tiki","kʷika","kaku",,"yuu","yuʔu","yiʔi","yuyu","yuku","[čiči]","šati","sutu","(kaa) to̧ni̧","ku̧ni̧","ⁿdi kʷa̧ñu̧","taya","wee","ša̧nu̧=cigarro ⁿdaʔa kʷi̧no̧"
"Cah","(ko̠o̠) sawi","yawi","yiwi","kũmi̧","tno̧mi̧","si̧ʔma̧","ñi̧ma̧","šitni̧","tno̧ʔo̧","yatni̧","yitno̧","yusu","sa̧ʔa̧","siko","sita","ⁿduša̧","šu̧ša̧","šito","šiyo","kʷači","ⁿduču","[ta kʷii]/*ⁿduta","yuta","ⁿdaʔyi","ña̧ni̧","o̧ni̧","no̧ʔo̧","o̧ʔo̧","yowa","ko̧ño̧","kʷaʔa","kʷa̧ʔa̧","uša","yiʔwa","kiti","ⁿdiʔi","ⁿdiwi","či ki̧ñu̧","nì̧ì̧","žii/ⁿǰii","ñì̧ì̧","ño̧no̧","yaši̧","yiki̧","yii","ⁿdayi","yoʔwa","siko̧","čiño̧","kači","tači","taa","ti kʷita","šitno̧","šatno̧","ti kʷi̧i̧/ti šeʔe","ⁿdati","taʔyi","tni̧i̧","tuči","tiwi","too","[taši ña̧ʔa̧]","šaki̧","kaʔno̧","siku̧","kiši","ⁿdiki","koo","kini̧ kaa","yuku","yakʷi̧","ⁿdʸakʷa","kʷiya","sekʷa̧","lakʷa","[ti na̧ʔa̧]/ta`kʷi̧ʔna̧ = lađrón","kʷa̧a̧","kuku","[sa kaa]","ka̧","ni̧no̧","ni̧ño̧","ñi̧ʔni̧","no̧ni̧","na̧ma̧","[ši tna̧a̧]","no̧na̧","o̧na̧","ti na̧na̧ kʷaʔa","ⁿdiči","sawa","ⁿdòò","kisi","ⁿðisi","[ño̧ño̧]","seʔe","yoko̧","ni̧wi","ño̧o̧","ñi̧ʔma̧","šiši","[ši̧ʔña̧]/tasi̧(ʔi̧)(/yaʔa)","[ña̧ ⁿdaa]/ⁿdiša","ño̧ʔo̧","ñi̧ño̧","či̧i̧","ña̧ma̧","yuša̧","seʔe","sayi","waʔa",,,"waši","mi̧ʔi̧","(mi̧čo̧)","tno̧ wi̧ʔⁿda","ša̧ʔa̧","šaʔⁿda","ša̧ʔu̧","šiti","ušu","wiši̧","ⁿduša̧","si̧ʔi̧","kiwi","siʔwa","soʔo","yasi̧","ⁿdasi","žisa/ⁿǰisa","wisi","witni̧",,"yiʔwi","ⁿdaʔwi","owi","ti si̧ʔma̧","kee","na̧ kaʔyi","tni̧i̧","kʷiño","ⁿdiʔi","ka̧ʔⁿdi","kʷa̧ᵑgu","saa","saʔwa","sa̧ⁿdi",,"ⁿdasa̧","ⁿdiʔwi","loʔo","kiwi","a̧ma̧","yoso","ⁿdeke","[sa kʷiso]","ti teʔe","ⁿdaka","kʷeʔe","[šito]","kʷee","weʔe","ⁿdika","ⁿdiko","ⁿdiši̧","tayi","yutu","[koni]","tuku","kʷika","kaku",,"yuu","yuʔu","yiʔi","yuyu","yuku","[čiči]","šati","sutu",,"ku̧ni̧","ⁿdi kʷa̧ñu̧","taya","wee","yuču kʷi̧no̧"
"Alco","(ku̧u̧) sawi","yawi","iwi","ko̧mi̧","tu̧mi̧","[ⁿdo̧ʔa̧]","i̧ma̧","išti̧","tu̧ʔu̧","yati̧","itu̧","isu","ša̧ʔa̧","šiko","šta/išta","ⁿduša̧","šuša̧","išʰto/šito","šiyo","kʷači","ⁿduči","[ti kʷii]/*ⁿduta","ita","ⁿdaʔyu/ⁿdaʔi","ña̧ni̧","u̧ni̧","nu̧ʔu̧","u̧ʔu̧","(ña̧) uwa","ku̧ñu̧","kʷaʔa","kʷa̧ʔa̧","uša","iʔwa","kiti","ⁿdiʔi","ⁿdiwi","čī̧ñu","nì̧ī̧","ii","ì̧í̧","ñu̧nu̧","yaši̧","iki̧","ii","ⁿdayu","(ña̧) uʔwa","šiku̧","čiño̧","kači","tači","taa","ti kata","šitu̧","šatu̧","ti kʷi̧i̧","ⁿdatu","taʔyu","ti̧i̧","tuči","tiwi",,"iš toʔo","šaki̧","kaʔnu̧","suku̧","kiši","ⁿdiki̧","koo","kini̧","iku","yakʷi̧","ⁿdʸakʷa","kʷiya","šikʷa","lakʷa","[timi̧a̧]/ta kʷi̧ʔna̧","kʷa̧a̧","kiku","kʷeso","ika̧","ni̧no̧","ni̧ñu̧","i̧ʔni̧","nu̧ni̧","na̧ma̧","[šta̧a̧]/na̧ʔa̧","nu̧na̧","u̧na̧","ti na̧na̧ (ⁿdèè)","ⁿdiči","sawa","ⁿdoo","kisi","ⁿdisi","[ñu̧ñu̧]","tiši šeʔe","yoko","yuwi","ñu̧u̧","i̧ʔma̧","šiši","tasu̧/[ši̧ʔña̧]","ⁿdiša","ñu̧ʔu̧","i̧ñu̧","či̧i̧","ña̧ma̧","iša̧","seʔe","sayu","waʔa",,"mi̧i̧","waši","(taka)/mi̧ʔi̧","wilu/(mištu̧)","wi̧ʔⁿda","šaʔa","šaʔⁿda","ša̧ʔu̧","siti","uši","wiši̧","ⁿduša̧","si̧ʔi̧","kiwi","siʔwa","soʔo","yasi̧","ⁿdasi","isa","wiši","witi̧",,"yuʔwi","ⁿdaʔwi","uwi","ti so̧ʔma̧","kee","kaʔyi","ti̧i̧","kʷi̧ñu̧","ⁿdiʔi","ka̧ʔⁿdi",,"saa","saʔwa","ša̧ⁿdu",,"laša/[tʸu̧u̧ iku]","[ⁿdii]","loʔo","kiwi","a̧ma̧","yoso","ⁿda","[si kʷeso]","te teʔe",,"kʷeʔe","[šito]","kʷee","weʔe","ⁿdika kʷaʔa","ⁿdeko","ⁿdiši̧","tayu","itu","[kuni]","tuku","wika","kaku",,"yuu","yuʔu","eʔe","yuyu","iku","[čiči]","šatu","sutu","tu̧ni̧","ku̧ni̧","ⁿdi kʷa̧ñu̧","taya","wee","ku̧nu̧"
"Cruz","(ku̧u̧) sawi","yawi","yiwi","ku̧mi̧","tnu̧mi̧","su̧ʔma̧","i̧ma̧","šitni̧","tno̧ʔo̧","yatni̧","itnu̧","usu","ša̧ʔa̧",,"šita","ⁿduša̧","šuša̧","šito","šiyo","kʷači","ⁿduču","[ta kʷii]/*ⁿduta","ita","ⁿdaʔyi","ña̧ni̧","u̧ni̧","no̧ʔo̧","o̧ʔo̧","uwa","ko̧ño̧","kʷaʔa","kʷa̧ʔa̧","uša","yiʔwa","kiti","ⁿdiʔi","ⁿdiwi","či ki̧ñu̧","ni̧i̧","ii","ì̧ì̧","ño̧no̧","yaši̧","iki̧","yii","ⁿdayi","uʔwa","šiko̧","čiño̧","kači","tači","taa","či kʷita","šitno̧","šatno̧","ti kʷi̧i̧","ⁿdatu","taʔyi","tni̧i̧","tuči","tiwi",,"štoʔo","šaki̧","kaʔnpus","siku̧","kiši","ⁿdiki","koo","kini̧","yuku","yakʷi̧","yakʷa","kʷiya","sikʷa","lakʷa [ñe͂ na̧ʔa̧]","[ñe͂ na̧ʔa̧]/ña̧ kʷi̧ʔna̧","kʷa̧a̧","kuku","kʷiso","xa̧a̧","ni̧no̧","[ñu̧u̧]","i̧ʔni̧","nu̧ni̧",,"[štna̧a̧]","ni̧na̧","u̧na̧","ti na̧na̧","ⁿdiči","sawa","ⁿdòò","kisi","[ⁿdutiʔni̧]/ⁿdiši=pulque","[ño̧ño̧]",,"yoko","yiwi","ño̧o̧","i̧ʔma̧","šiši","[ši̧ʔña̧]/tasu̧","[ⁿdaa]/ⁿdiša","ño̧ʔo̧","i̧ño̧","či̧i̧","ña̧ma̧","yuša̧","seʔe","sayi","waʔa",,"mi̧i̧","(ša) waši","mi̧ʔi̧","(mi̧štno̧)","wi̧ʔⁿda","šaʔa","šaʔⁿda","ša̧ʔu̧","šiti","uši","wiši̧","ⁿduša̧","si̧ʔi̧","kiwu","suʔwa","soʔo","ya asi̧","ⁿdasi","isa","wiši","witni̧",,"yiʔwi","ⁿdaʔŵi","owi","ti su̧ʔma̧","kee","kaʔyi","tni̧i̧","kʷi̧ño̧","ⁿdiʔi","si ka̧ʔⁿdi","koo ya̧ʔᵑgi","saa","saʔwa","ša̧ⁿdu",,,"ⁿdiʔwi","loʔo","kiwi","a̧ma̧","yoso","ⁿdaa","ⁿdiso","[tʸu̧u̧]","ⁿdaka","kʷeʔe","[šito]","kʷee","weʔe","ⁿdika","ⁿdiko","ⁿdiši̧","tayi","utu","[kuni]","tuku","kʷika","kaku",,"yuu","yuʔu","yiʔi","yuyu","yuyu","[čiči]","šatu","sutu",,"ku̧ni̧","ⁿdi kʷa̧ñu̧","taya","gʷee","kʷi̧no̧"
"Durz","(ku̧u̧) sàƀi","žāƀì","žiƀi","kú̧mì̧","tù̧mī̧","[ⁿdoʔo]","ñu̧ma̧","šiči","tù̧ʔu̧","žači","ītù̧","ʔisi","ša̧ʔa̧","šiko","šita","ⁿduša̧","ku šuša̧","šito","šʸoo","kʷàči","ⁿduči","[či kʷii]","žiča","ⁿčaʔi","ña̧ni̧","ù̧nì̧","nù̧ʔu̧","ʔu̧ʔu̧","ʔua","ku̧ñu̧","kʷáʔā","kʷà̧ʔà̧","ʔišā","žùʔwà","kīȼì","ⁿčiʔa̧","ⁿčiƀi","čī̧ñù̧","ni̧i̧","žiī","ñi̧i̧","ñu̧ñu̧","žāšì","žīkì̧","žii","[ñà̧ ká šá̧ʔa̧]","ʔuʔwa",,"ču̧u̧","kači","tači","čàā","[ƀoʔlo]","šitu̧","šatu̧","či kʷañi̧/[ⁿči žaʔa]","ⁿčati","čaʔi","ȼi̧i̧","tuči","ȼivi",,"ʔes toʔo","šaki","kaʔnu̧","suku̧","kiši","ⁿčiki̧","koo","kini̧","žīkì","žakʷi̧","žakʷa","kʷia","šikʷa","ⁿdakʷa","kʷi̧ʔna̧","kʷa̧a̧","kíkī","kʷiso","čika̧","či ni̧nu̧","ñi̧nu̧ žaa","ʔi̧ʔni̧","nù̧nì̧","nā̧mà̧","na̧ʔwa̧","nu̧na̧","ʔu̧na̧","či na̧na̧","ⁿčiči","sava/[ña̧ʔnu̧]","ⁿdoo","kisi","ⁿčiši","ⁿduši","šúʔù","žoko","na̧ živi","ñu̧u̧","ñu̧ʔma̧","[ši ša̧ʔa̧]","tasi/[šà̧ʔà̧]","ⁿčisa","ñu̧ʔu̧","ʔi̧ñu̧","či̧i̧",,"žiša̧","seʔe","sai","ƀàʔā","ži/ši","mi̧i̧","ƀaši","(čeʔe)","(čiti)","tu̧ ƀi̧ʔⁿča","šàʔà","šaʔⁿde","šaʔu̧","šiȼi","ʔìšì","ƀiši̧","ⁿčiša̧","si̧ʔi̧","kìvì","sùʔƀà","suʔu","ʔasi","ⁿdasi","ʔīsá","ƀiši","ƀiči",,"žuʔvi","ⁿdaʔvi","ʔìvì","či su̧ʔma̧","[i ka̧na̧]","ⁿda kaʔvi","ȼi̧i̧/[čoko]","kʷi̧ñu̧","ⁿčiʔi","ka̧ʔⁿči","ko za̧ʔⁿda","laa","[ku̧ⁿdu]/laʔwa","ša̧ⁿti",,"[taka]","ⁿčiʔi","loʔo","kìvì","ña̧ma̧","žoso","ni̧ši","ⁿdiso","ȼʸeʔe","ⁿčaka","kʷeʔe","ši ⁿči","kʷee","veʔe","ⁿčika","ⁿčiko","ⁿčiši̧","čei","ʔiti","[kuni]","tuku/[inga]","kʷika","kaki",,"žii","žūʔù","žīʔì","žiʔi","žùʔù","žīkù","šati","siti","tu̧ni̧","[ku ⁿčiʔi]","ⁿči kʷa̧ñi̧","taža","vee","žiku i̧nu̧ ša̧nu̧ = cigarro"
"Teco","(kú̧ū̧)","žaƀi","žīƀì","ku̧mì̧","tu̧mi̧","[ⁿdoʔo]","ñù̧mà̧","šiči","tu̧ʔu̧","žači","ʔítò","ʔisu/ʔisa","ša̧ʔa̧","šiku","šita","ⁿdixa","[kùʂ̌í]","šito","sʸòò","kʷàčí","ⁿdūčì","[či kʷii]","žɨ̄tʸá","ⁿčaʔi","ñā̧ñī̧(-ī̧)","ʔù̧nì̧","nu̧ʔu̧","ʔu̧ʔu̧","ʔoƀa","kū̧ñṍ","kʷaʔa","kʷa̧ʔa̧","ʔìxà","yoʔƀa","kítʸì","(ʔī) ⁿdíʔ(ƀáñá)","ⁿǰìƀì","čī̧ñù̧","ñi̧i̧","žii","ñī̧ì̧/ñì̧ì̧","ñū̧nù̧","žaši","ž̯íkì","[ma̧ʔa̧]","[ka ša̧ʔñu̧]","ʔuʔva","šiku̧","čú̧ú̧","kàčì","tàčì","čàá",,,"šatu̧","[ⁿči žaʔa]/či kʷani̧","ⁿčati","čaʔi","tʸí̧ī̧","tūčí","čʸíƀí-rà","too","ʔes toʔo","šākí-rí","káʔnū̧","suku","kiši","ⁿdíkì","kòò ká","kīní̧","žɨ́kɨ̀","žakʷi̧","žakʷa","kʷia","šikʷa","ⁿdakʷa","kʷi̧ʔna̧","kʷa̧a̧","kiki","kʷiso","ʔiká̧n","ni̧nu̧","ñi̧ñu̧ žaa","ʔi̧ʔni̧","nù̧nì̧","na̧ma̧","na̧ʔa̧","nú̧na̧","ʔu̧na̧","či na̧na̧","ⁿčiči","[ña̧ʔnu̧]","ⁿdoo","kìsí","ⁿdʸiši","ⁿdūší","šēʔè","žoko","ne͂ žíƀí","ñú̧ú̧","ñū̧ʔmā̧","[ší šáʔa̧-řa]","[ša̧ʔa̧]/[ña̧a̧]","ⁿčisa","ñú̧ʔù̧","ʔí̧ñù̧","čí̧í̧","ñà̧mà̧","žúsʸà","seʔe","sēí","ƀaʔa","ní ƀàʔa","mi̧i̧","ƀāší(-řá)","mi̧ʔi̧","(čiti)","tu̧ ƀi̧ʔⁿča","šaʔa","šaʔⁿde","šàʔù̧","siti","ʔišì","ƀišʸi","ⁿčiša","sí̧ʔì̧","kìì","soʔƀa ","soʔo","ʔasi","ⁿdāsí","ʔisa","ña̧ ƀīšī","ƀiči",,"ní̧ žìʔƀíì","ⁿdáʔƀí","ʔīƀì/ʔìƀì","či su̧ʔma̧","[ka̧na̧]","ⁿda kavi","tʸi̧i̧","kʷi̧ñu̧","ⁿǰīʔí","sá kā̧ʔⁿǰí-rā","ko za̧ʔⁿda","laa","lava/[ko̧ⁿdo]","la̧ⁿtu",,"ⁿči lasʸa","ⁿčiʔi","loʔo","kìƀì","ña̧ma̧","žoso/[ⁿdōʔƀà]","ⁿdiši","sísō","ⁿdi ȼʸeʔe","ⁿčaka","kʷeʔe","ší ⁿǰīʔí","kʷee","veʔe","ⁿčika","ⁿčiko","ⁿdīšì","čei","ʔiti","[kuni]","tiki","kʷìkà","kaki","[kama]","žìì","yīʔì","[ⁿdžìká]","žüžü","žuku","yīkù̧","šati","siti","tū̧ní̧","[ku ⁿdžìʔī]","la kʷa̧ñi̧","taža","vee","zuki i̧nu̧"
"Juxt","saƀi","žaƀi","žuƀi","ku̧mi̧","tu̧mi̧","[ⁿdoʔo]","ñu̧ma̧","šiti","tu̧ʔu̧","žatʸi","žutu","isu","ša̧ʔa̧","šiku","šita","ⁿduša̧","[kuši]","ʂito","sʸoo","kʷači","ⁿduči","[tʸi kʷii]","žutʸa","ⁿdʸeʔi","ña̧ni̧","u̧ni̧","nu̧ʔu̧","u̧ʔu̧","uƀa","ku̧ñu̧","kʷaʔa","kʷa̧ʔa̧","uš̯a","žuʔƀa","kitʸi","ⁿdʸiʔi","ⁿdʸiƀi","či ki̧ñu̧","ni̧i̧","žii","ñi̧i̧","ñu̧nu̧","yas̯i/žas̯i","žiki","žii",,"uʔƀa","[su̧ʔnu̧]/šiku","ču̧u̧","kači","tači","tʸaa","tʸi kutʸa","šitu= BBQ","šatu","tʸikʷayi̧/tʸi kʷañi̧","ⁿdʸatu","tʸaʔi","tʸi̧i̧","tuči","tʸiƀi","too","stoʔo","šaki","kaʔnu̧","suku","kiši","ⁿdʸiki","koo","kini̧","žuku","žakʷi/yakʷi","žakʷa","kʷia","šikʷa","ⁿdakʷa [tʸi ma̧ʔa̧]/kjʔna̧","[tʸi ma̧ʔa̧]/kʷi̧ʔna̧ = lađrón","kʷa̧a̧","kiku","ku kʷiso","ika̧","ni̧nu̧","ni̧ñu̧","i̧ʔni̧","nu̧ni̧","na̧ma̧","na̧ʔa̧","nu̧na̧","u̧na̧","tʸi na̧na̧","ⁿdiči","sawa","ⁿdoo","kisi","ⁿdiši=pulque","ⁿduši","tʸi šeʔe","žoko","ni̧ žiƀi","ñu̧u̧","ñu̧ʔma̧","[šiša]","[ši̧ʔa̧]","[mi̧a̧ ⁿdaa]","ñu̧ʔu̧","i̧ñu̧","či̧i̧","ña̧ma̧","žusa","seʔe","sai","ƀaʔa",,"mi̧i̧","ƀaši/ƀai","mi̧ʔi̧","(čitu)","ƀi̧ʔⁿdʸa","ṣaʔa","ṣaʔⁿdʸa","ṣa̧ʔu̧","ṣitʸi","uṣi","ƀiṣi","ⁿdiṣa","siʔi","kiƀi","siʔƀa ","soʔo","asi","[kai]","isa","ƀiši","ƀitʸi","žaƀi","žuʔu","ⁿdaʔƀi","uƀi","ti su̧ʔma̧","[keta]","kaʔi","tʸi̧i̧","kʷi̧ñu̧","ⁿdʸiʔi","ka̧ʔⁿdʸa","tʸi ku ža̧ʔⁿda","laa","laʔƀa","ša̧ⁿdu","lala","ⁿdʸi ⁿdasa","ⁿdiʔƀi","luu","kiƀi","ña̧ma̧","[nu̧ ⁿdaa]","ni̧ši","ⁿdʸiso","ⁿdʸi tʸeʔe","ⁿdʸaka","kʷeʔe","ku ⁿdeʔe","kʷee","weʔe","ⁿdika sʸaʔa","ⁿdʸiko","ⁿdʸisʸi","[šila]/tʸʰai","itu","iku","tuku","kʷìkà","kaku","[sa ƀaʔa]","žuu","žuʔu","žuʔu","žužu","žuku","žuku","satu","sutu","tu̧ni̧","[kʷa ⁿdeʔe]","ⁿdʸi kʷa̧i̧","taža","ƀee","yuku kʷi̧nu̧ šanu = cigarro"
"ChaP","saƀi","žaƀi","žuƀi","ku̧mi̧","tu̧mi̧","[ⁿdoʔo]","ñu̧ma̧","hɨti","tu̧ʔu̧","žati","žutu","isu","ša̧ʔa̧","šiko","šɨta/hɨta",,,"šito","šio",,"ⁿduči","[ti kʷii]","žutʸa","[žači-ra]","ña̧ni̧","u̧ni̧",,"u̧ʔu̧",,"ku̧ñu̧","kʷaʔa","[sa̧ʔa̧]","uša","žuʔƀa","kiti",,"ⁿdiƀi","či̧ʔñu̧","ñi̧i̧","žii","ñi̧i̧","žu̧nu̧","žaši","žiki","žii",,,,"ču̧u̧","kači","tači","tʸaa","kutʸa","[ornu̧]/šɨtɨ","[kaxa]","[ⁿdi žaʔa]","ⁿdʸatu","teʔi","ti̧i̧",,"tiƀi",,,,"kaʔnu̧","suku","kiši","ⁿǰika",,,"žuku",,,"kʷia",,"[na̧ teʔi]",,"kʷa̧a̧","kiku","kʷiso","kaa",,,,"nu̧ni̧","na̧ma̧/[ⁿdīka ƀeʔe]","na̧ʔa̧","[ⁿdaku]","u̧na̧",,,"saƀa","ⁿdoo",,"ⁿdisi=pulque","ⁿduši","heʔe",,"ña̧ žuƀi","ñu̧u̧","ñu̧ʔma̧","[ši ša̧ʔa̧]/kaši",,,"ñu̧ʔu̧","i̧ñu̧","čii",,"žušʸà"," seʔe/sɨʔɨ",,,"či","mi̧i̧","ƀaši",,"ƀilʸu",,"sʸaʔa/šaʔa","ša̧ʔⁿǰa","ša̧ʔu̧","(tiši)","uši","ƀiši","ⁿdiša",,"kiƀi","siʔƀa ","soʔo",,"[kasi]",,"ƀiši",,,"žuʔu","ⁿdaʔƀi","uƀi",,,,"ti̧i̧",,"ⁿdiʔi","kaʔⁿǰi",,"laa","laʔwa",,,,,"luu","kiƀi","ña̧ma̧","[ⁿduʔƀa]/žoso","ni̧šɨ","[kʷiso]",,,"kʷeʔe","[ii šini]","kʷee","ƀeʔe",,,,"tei","itu","iku","tuku",,,,"žuu",,"žuʔu",,,,,,,"[kutu]","ⁿdi kʷa̧i̧",,"ƀee",
"Yuco","(kú̧ū̧) sàƀí","žāƀí","žūƀí","kù̧mí̧","tù̧mī̧`","[ⁿdōʔó]","ñù̧má̧","ʔì̧ští̧","tù̧ʔū̧","žātī̧","ʔītú̧","ʔīsù","ša̧ʔa̧","šìkò","ʔìštá","[ká̧na̧ na̧-yuu]","[kùší]","ʔìštō","šìžó","kʷàčī","ⁿdūčí","[tà kʷíì]","ʔìtē","ⁿdaʔžu","žā̧nì̧","ʔù̧nì̧","nù̧ʔū̧","ʔū̧ʔù̧","ʔùwà","kū̧ñù̧","kʷáʔà","kʷà̧ʔà̧(-nà̧)","ʔùsʸà","žùʔƀà","kītí","(nì̧) ⁿdiʔi(à̧)","ⁿdìƀí","čì̧ñù̧","nì̧í̧","ʔīí(-nà̧)","ʔì̧í̧","žū̧nú̧","žāsí̧","ʔīkí̧ (ʔí̧ñú̧)","ʔīì","ⁿdāžú","ʔùʔwà","šùkù̧","tʸu̧u̧","kàčí","tàčí","tàā","tì kùtè","čìtù̧","čàtú̧","tì kʷāñú̧","ⁿdátū-nà","nì̧ tàʔyù-à","tí̧ī̧-nà̧","tùčī","tívì-nà̧","tōō","ʔīš tōʔò-nà̧","sʸákì-đi","káʔnū̧-đú","sùkú̧","kīšī-nà̧","ⁿdīkí-đí","kòō","kīnī̧","žūkú","žākʷí","žākʷá","kʷìà","šìkʷá","lākʷá","[tàčí]/t kʷì̧ʔná̧","ká̧à̧","kîkū-na̧","kōsō-nà̧","[ñā̧á̧]","[čí vāá]","[ⁿdu̧ví ñī̧ñú̧]","ži̧ʔni̧","nù̧nī̧","ⁿdika na̧ma̧ =ađoƀe","nā̧ʔà̧","nú̧ná̧-yá","ʔù̧nà̧","tì nā̧ná̧ ⁿdáʔyá","ⁿdī`čī","sāvā ⁿdàà","ⁿdòó","kìsī","[vāréⁿdè]/ⁿdīšì=pulque","ⁿdūšì","tīsì šēʔè","žōkó","[nà̧ʔā̧]","ñu̧ù̧","ñù̧ʔmà̧","[řʔí syáʔā-đà]","[ší̧ʔñá̧]/[žāʔá]","[ⁿdàà]/ⁿdīsyā","ñū̧ʔù̧","ʔī̧ñú̧","tí̧í̧","tī á̧má̧","ʔīsyá̧","sèʔē","kasi sàžù","ƀàʔā","či",,"ƀàšī-nà̧","(žàkā/čēʔè)=polvo","ƀílú","mà̧ʔⁿdé","sʸàʔá","sʸáʔⁿdè-nà̧","sʸà̧ʔù̧","čītì","ʔusi","ƀìšī̧","ʔí ⁿdìsʸá̧","sì̧ʔì̧","sîví-đí","sìʔƀà","sóʔō","žàsí","ⁿdásì","ʔīsâ","ña̧ ƀìšì","ƀītī̧",,"yúʔū-yū","ⁿdáʔƀì","ʔùvì","tì sū̧ʔmà̧","[ká̧nā̧-đá]","káʔyū(đa)","tì̧í̧/ⁿdē tēʔé","kʷī̧ñū̧","ⁿdìʔī","ka̧ʔⁿdi-đu","[ⁿdīkó ⁿdíí]","sāá","[ⁿdīšíkʷí]/[lī kóʔⁿdó]","ša̧ⁿdu",,"[žú kʷáʔà]","[ⁿdīí]","lūū-čī","kìí","[ⁿdâ kìí]","yōsó","ⁿǰi","ⁿdíso-nà̧","ⁿdī téʔe","[ñà̧ kīší̧]/ⁿdākà","kʷēʔè","ⁿdéʔé-nà̧","kʷéè","vēʔē","ⁿdīká sʸāʔà","ⁿdíkō-nà","ⁿdìsí̧","tažu","ʔītù","[kuni]","[ʔīnkà-ñà]","[đìkà]","nì kākū-nà","[tíí]","žùú","žūžú","[mīí-ì]","žúžú","žùžù","žūžù̧","[čātù]","sùtù","tū̧nì̧","đā kū̧nī̧-yó","ⁿdī kʷá̧ñu̧","tāyā","vèē","žùkù nú̧ ša̧nu̧ = cigarro"
"Mix","saƀi","yaƀi","yuƀi","ku̧mi̧","tu̧mi̧","[ⁿdoʔo]","ñu̧ma̧","šitʸi","tu̧ʔu̧","yatʸi","yutu̧","isu","ša̧ʔa̧","šiko","staa","ⁿduča","[ku kuši]/[ⁿdi kuʔⁿdu]","čito","čioo","kʷatʸi","ⁿdutʸi","[tʸi kʷii]","yutʸa","ⁿdʸaʔi","ña̧ni̧","u̧ni̧","nu̧ʔu̧","u̧ʔu̧","uƀa","ku̧ñu̧","kʷaʔa","kʷa̧ʔa̧","uča","yuʔwa","kiti","ⁿdiʔi","ⁿdiƀi","ti̧ñu̧","ni̧i̧","ii","i̧i̧","ñu̧nu̧","yači","iki","ii","ⁿdʸayu","ùʔvà",,"tʸu̧u̧","katʸi","tatʸi","tʸaa","ti kutʸa","čìtu","čatu","[tʸuku too]/ti kʷa̧i̧","ⁿdʸatu","tʸaʔi","ti̧i̧","tutʸi","tiƀi","too","stoʔo","ȼaki","kaʔnu̧","suku","ku ⁿgiča","ⁿdiki","koo","kini̧","žūkū","žakʷi/yakʷi","yaka","kʷia","šikʷa","ⁿdakʷa","ⁿdi kʷi̧ʔna̧","kʷa̧a̧","kiku","ku ⁿgiso","ika̧","ni̧nu̧","ni̧ñu̧","i̧ʔni̧","nu̧ni̧","na̧ma̧","na̧ʔa̧","nu̧na̧","u̧na̧","ti na̧na̧","ⁿdʸitʸi","saƀa","ⁿdoo","kisi","[ƀareⁿǰe]/ⁿdiši=pulque","ⁿduši","ti šeʔe","yoko","ni̧ƀi","ñu̧u̧","ñu̧ʔma̧","[tʸi tʸaʔa/ku ša̧ʔi̧]","[ši̧ʔa̧]","[ⁿdaa]","ñu̧ʔu̧","i̧ñu̧","tʸi̧i̧","ña̧ma̧","yuča","seʔe","sai","ƀaʔa","(ƀa)ří","me͂e͂","ƀatʸi","mi̧ʔi̧","ƀílú","mi̧ʔⁿdʸa","čaʔa","čaʔⁿdʸa","ča̧ʔu̧","čiti","uči","ƀiči","ⁿdʸiča","si̧ʔi̧","siƀi","siʔƀa ","soʔo","asi",,"isa","ƀiši̧","ƀitʸi","yaƀi","yuʔu","ⁿdaʔƀi","uƀi","ti su̧ʔma̧","kʷa kee","ⁿda kaʔi","tiʔi̧","kʷi̧ñu̧","ⁿdiʔi","ka̧ʔⁿdi","škoo ⁿdʸa̧ʔⁿdʸa","saa","saʔƀa","ša̧ⁿdu","tʸatʸa šaša",,"ⁿdii/ⁿdiʔƀi resƀala","(ña̧)luu","kii","[ⁿdʸi kii]/a̧ma̧","[nu̧ ⁿdaa]","ni̧ši̧","ⁿdʸiso","ⁿdi tʸeʔe","ⁿdʸaka","kʷeʔe","ⁿdʸeʔe","kʷee","ƀeʔe","ⁿdʸika čaʔa","ⁿdʸiko","ⁿdʸiči̧","tʸai","itu","[ta kuni]","tuku","kuika","kaku",,"yuu","yuʔu","yuʔu","yuyu","yuku","yuku/[tʸiki]","čatu","sutu","tu̧ni̧","[ku ⁿgu ⁿdʸeʔe]","ⁿdʸi kʷa̧i̧","taya","ƀee","ⁿgʷi̧nu̧ ša̧nu̧ = cigarro"
"Tejc","saƀi","yaƀi","yuƀi","ku̧mi̧","tu̧mi̧","[ⁿdoʔi]","ñu̧ma̧","šiči","tu̧ʔu̧","yači","yutu","isu","ša̧ʔa̧","šiko","staa",,,"čito","ȼio",,"ⁿduči","[či kʷii]","yuča","ⁿčeʔi",,"u̧ni̧",,"u̧ʔu̧",,"ku̧ñu̧","kʷaʔa","[sa̧ʔa̧]","uča","yuʔa","kiti",,"ⁿdiƀi","ti̧ñu̧","ni̧i̧","ii","i̧i̧","[yo ⁿdaa]","yaȼi","iki",,,,,"ču̧u̧","[yaa]","tači","ña̧ čaa","kuča","čìtu","[kaxa]","[saⁿkuđu]","ⁿčatu","čaʔi","ti̧i̧",,"tiƀi",,,,"kaʔnu̧","suku","ⁿgiči","ⁿdiki",,,"yuku",,,"kʷia",,"ⁿdākʷa",,"kʷa̧a̧","kiku",,"(i)ka̧",,,,"nu̧ni̧","[paree]","na̧ʔa̧","[ⁿčo̧na̧]","u̧na̧",,,"saƀa","ⁿdoo",,"[ƀareⁿče]","ⁿduši","ti šeʔe",,"ni̧ƀi","ñu̧u̧","ñu̧ʔma̧","ⁿdaȼi/kaȼi",,,"ñu̧ʔu̧","i̧ñu̧","či̧i̧",,"yuȼa","siʔi/seʔe",,,"ƀari","me͂e͂","ƀači",,"ƀilu",,"saʔa","ku ka̧ʔⁿča","ča̧ʔu̧","(tiči)","uči","ƀiči","ⁿdiča/ⁿdiȼa",,"šiƀi","[čokolati]","soʔo",,"[ⁿgasi]",,"ƀiši",,,"yuʔu","ⁿdaʔƀi","uƀi",,,,"ti̧ʔi̧",,"ⁿdiʔ","kaʔⁿdia",,"saa","[ⁿdi koʔⁿdo]",,,,,"lulu/luu","kii","[ⁿči kii]","yoso","ni̧ši̧","[kʷika]",,,"kʷeʔe","[ni čini]","kʷee","ƀeʔe",,,,"čai",,"[kuni]","inga tuku",,,,"yuu",,"[meeku]/-yo",,,,,,,"ku̧nu̧","[arđiya-ȼa]",,"ƀee",
"Rey","(kú̧ū̧)","žāƀì","žūù","ko̧mi̧","tu̧mi̧","[ⁿdoʔo]","ñi̧ma̧","šiči","tù̧ʔū̧","žāčī","ʔītò̧","ʔusu","ša̧ʔa̧","šiko","šìtà","ⁿduša","[ku kuši]","šìtó","šižo","kʷàči","ⁿdūčì","[či kʷii]","žiča","ⁿčaʔi","ña̧ni̧","ʔo̧ñi̧","nu̧ʔu̧","ʔù̧ʔù̧","ʔôƀa","ku̧ñu̧","kʷáʔá","kʷà̧ʔà̧","ʔùšà","žuʔƀa","kīči","ⁿčiʔa̧","ⁿčui","či ʔi̧ñu̧","nì̧ì̧","žii","ʔì̧ì̧","žū̧nù̧","yāšì/žāšì","žīkì","žiži","[ña̧ ka ša̧ʔa̧]","ʔoʔa",,"čiñu̧","kači","tači","čàá","[či ⁿduu]","šito̧","šato","či kʷani̧","ⁿčati","čaʔya","či̧i̧","tùči","čuu","too","štoʔo","šaku","kaʔnu̧","soku̧","kiši","ⁿčiki","kòò","kini̧ kaa","žuku","žākǜ","žakʷá","koia/kuia","šikʷa","ⁿdākʷà","kʷì̧ʔná̧","kʷa̧a̧","kiki","sa kuso","ʔiká̧","čí nì̧nù̧","ni̧ñu̧ žaa","nī̧ʔní̧","no̧ni̧","na̧ma̧","na̧ʔa̧","nu̧na̧/no̧na̧","ʔu̧na̧","či na̧na̧ ⁿčiʔe","ⁿčiči","sava","ⁿdòò","kìsī","[ƀařeⁿče]","ⁿdušu","čiši šeʔe","žókò","ñà̧ žuu","ñu̧u̧","ñi̧ʔma̧","[ši šaʔa]","[čí žáʔà]","ⁿdiša","ñu̧ʔu̧","ʔi̧ñu̧","či̧i̧","to ña̧ma̧","žuša","seʔe","saži","ƀaʔa","ƀači","me͂e͂","ƀaši","(šiʔe)","mi̧li","ƀi̧ʔⁿča","šaʔa","šaʔⁿča","šaʔu̧","šiči","ʔixi","ƀìši̧","ⁿčiša","si̧ʔi̧","kivi","soʔƀa ","sòʔō","ʔasi","ⁿdásí","ʔisa","ƀušu","ƀiči",,"žuʔu","ku ⁿdaʔvi","ʔuvi","či sú̧ʔma̧","[ka̧na̧]","na̧ kaʔvi","či̧i̧",,"ⁿčìʔī","skaʔⁿči","čuku ža̧ʔⁿči","laa","lava(ʔisu/ki̧ni̧)","ša̧ⁿti",,"ⁿdaša","[ⁿčuʔu]","luu","kìvì","ña̧ ña̧ma̧","žōθò","na̧ ƀaʔa","ⁿdiso","či čeʔe","ⁿčaka","kʷeʔe","ⁿčeʔe","kʷee",,"ⁿčīká ⁿdùù","ⁿčiko","ⁿčiši","čʸei","ʔutu","[koni]","[ʔinga]","kuka","ʔi kaku","[kama]","žùù","žuʔu","[mii]","žiži","žùkù","žiku̧","šatu","sutu","to̧ñi̧","[ku ⁿdaa ⁿʔi̧ni̧]","ⁿči kʷa̧ñi̧","taža","vèe","žuku ʔi̧nu̧ ša̧nu̧ = cigarro"
"TlaM",,"žāƀì","žìƀì","kú̧mì̧","tù̧mi̧",,"ñu̧ma̧","šìtì",,"žaȼi",,"ʔusi","šà̧ʔà̧","šiko","šìtà","ⁿdüša","[kušu]",,"ʂʸoo","kʷàči","ⁿdūčì",,"žuča","ⁿčiʔi","ña̧ni̧","ʔù̧nì̧",,,"ʔoƀa",,,,"ʔüsa","žoʔƀa",,,,,"nì̧ì̧",,"ñì̧ì̧",,"žāsì","žiki",,,"ʔoʔva",,"ču̧u̧","kāčì","tàčì","ȼaa","[ȼi ⁿdüü]",,,"ⁿȼì kʷání̧","ⁿdzatu","čiʔi","ȼi̧i̧","[ȼi tu̧ʔu̧] tuči=cuerđa","ȼivi",,,"sʸakü",,,"kisi",,,,"žuku","žākì","[či kava]",,,,"kʷi̧ʔna̧",,,,,,"[či̧ni̧ sikʷaa]","ʔi̧ʔñi","nù̧ñí̧",,,"nu̧na̧",,,,"sava",,"kìsī",,"ⁿdüši","tiši šeʔe","žoko","nà̧ žíví",,"ñu̧ʔma̧",,,"[ⁿdàà]",,,"či̧i̧",,"žusʸa",,"saži",,,"mi̧i̧","ƀasi","(sʸèʔè)",,,,,"sʸàʔù̧","ṣiti","ʔüši","ƀìsi",,,"kìì",,"sòʔó",,"ⁿdasi",,"ƀìšì","ƀiči",,"kú žìʔví","ku ⁿdaʔvi","ʔivi",,,"kaʔvi","čì̧í̧","[ña̧ñu̧]",,"ka̧ʔⁿdzi",,,,,,"ⁿčisʸa",,"loʔo","kii",,"žoso","ni̧hi","ⁿčiso",,,,"ⁿčeʔe",,,,,"ⁿdʸisi","ȼʸee","ʔütü",,,"kʷìkà",,,"žüü","žüʔü","žiʔi","žüžü","žükü","žiku̧","sʸatü",,,"[ku ⁿdàà ⁿʔi̧ni̧]",,"taža",,
"SilP","haƀi","žaƀi","žiƀi","ku̧mi̧","tu̧mi̧","[ⁿdoʔo]","ni̧ma̧","hiti","tu̧ʔu̧","žati","žito","ühü","ha̧ʔa̧","šiko","hita",,,"šito","šoo",,"ⁿdüči","[ti kʷii]","žuta","ⁿdaʔži","ña̧ni̧","u̧ni̧",,"u̧ʔu̧",,"ku̧ñu̧","kuʔa","[sa̧ʔa̧]","usa","žaʔƀa","kiti",,"ⁿdiƀi","čiki ʔni̧u̧","ni̧i̧","žii","ñi̧i̧","ñu̧nu̧","žaši","žiki̧","ⁿdi žii",,,,"ču̧u̧","kači","tači","(ta)taa","ti kata",,"sato","ⁿdi kʷa̧ñi̧","ⁿdati","taʔži","ti̧i̧",,"tiƀi",,,,"kaʔnu̧","hiko","kiši","ⁿdiki",,,"žükü",,,"kʷia",,"ⁿdako",,,"kükü","kʷiso"," -ka̧",,,,"nu̧ni̧","na̧ma̧","na̧ʔa̧","na̧ su̧na̧","u̧na̧",,,"θaƀa","ⁿdoo",,"[(ƀa)rieⁿdi]","[ñu̧ñi̧]","tiši leʔe",,"ña̧ žiƀi","ñu̧u̧","ni̧ʔma̧","saši",,,"ñu̧ʔu̧","i̧ñu̧","či̧i̧",,"žusa","haʔži",,,"hači",,"ƀaši",,"(čito)",,"saʔa","na̧ sa̧ʔⁿda","sa̧ʔu̧","šiti kaʔnu̧","uši","ƀiši","ⁿdusa",,"kiƀi","hʸaʔƀa semilla","hoʔo",,"kahi",,"[kʷiʔi]",,,"žiʔƀi","ⁿdaʔƀi","ʔiƀi",,,,"ti̧i̧","kʷi̧ñu̧","ⁿdiʔi","ka̧ʔⁿči",,"laa","laʔƀa",,,,,"loʔo","kiƀi","ⁿda̧ ʔ(a̧)ma̧","yoho","ⁿdaha","[kʷiko]",,,"kʷèʔè","sá ⁿdeʔe","kʷee","ƀeʔe",,,,"taži","ütü","[kuni]","inga tiku",,,,"žuu",,"žeʔe",,,,,,,"[ku ⁿdaa ⁿʔi̧ni̧]","ⁿdi kʷa̧ni̧",,"ƀee",
"IxpN","(ku̧u̧)","žaƀi","žiƀi","kò̧mì̧","tò̧mī̧","[ⁿdoʔo]","ñi̧ma̧","šìtì","tu̧ʔu̧","žači","žito","ʔuhu","ša̧ʔa̧","siko","šìtà","ⁿdusa","ku husa","šìtō","sižo","kʷàči","ⁿduču","[tí kʷìí]","žuča/žutʸa","ⁿdʸaʔži",,"ʔu̧ni̧","nu̧ʔu̧","ʔu̧ʔu̧","ʔiƀa","ku̧ñu̧","kʷàʔá","kʷā̧ʔò̧","ʔusa","žiʔa","kītì","ⁿdiʔi","ⁿdìƀì","či ʔi̧ñu̧","nì̧ì̧","žīì","ñì̧ì̧","ñu̧nu̧","žasi","žiki","[ma̧ʔa̧]",,"ʔiʔva",,"či̧u̧","kači","tači","čaa","[či luu]",,"sato","či kʷi̧i̧","ⁿdači","čaʔža","či̧i̧","tuču","tivi tači",,"stoʔo","saku","kaʔnu̧","hiko","kisi","ⁿdiki","kóó kāá","kini̧","žuku","žaku","žakʷa","kʷìžà","šikʷa","ⁿdākʷà","[ña̧ ki̧ni̧]","kʷá̧á̧","kiki","ha kʷiho","ʔiká","ní̧nù̧","[ⁿčivi žaa]","ʔi̧ʔni̧","nu̧ni̧","na̧ma̧","na̧ʔa̧","nu̧na̧","ʔu̧na̧","či na̧na ̧(ⁿčaʔža)","ⁿdiči","hava/[ña̧ʔni̧]","ⁿdòò","kìhī",,"[ñu̧ñu̧]","čiši šeʔe","žoko","živi","ñu̧u̧","ñi̧ʔma̧","[si sʸa̧ʔa̧]","[šiʔa̧]","ⁿdìsà","ñu̧ʔu̧","ʔī̧ñù̧","či̧i̧","ña̧ma̧","žusa","haʔži","haži","vàʔā","nā̧ ƀàʔā/či","me͂e͂","ƀasi","(seʔe)","(čītò)","ƀi̧ʔⁿdʸa","sàʔà","saʔⁿde","sa̧ʔu̧","siti","ʔušu","ƀisi","ⁿdùsà","si̧ʔi̧","kivi","kiti hiʔƀa","hoʔo","ʔahi̧","ⁿdahi","ʔiha","ña̧ ƀiši","ƀiȼi",,"ku žiʔvi","ku ⁿdaʔvi","ʔeve","ti hí̧ʔmà̧","[sûcà]","kaʔi","či̧i̧","kà kʷi̧ñu̧","ⁿčiʔi","ka̧ʔⁿdi","tʸuku ža̧ʔⁿdi","laa","haʔva","ša̧ⁿdi",,"ⁿdasa",,"loʔo","kivi","ña̧ma̧","žoho","ⁿdiši","ⁿdiho","[čaʔča]","ⁿdaka","kʷèʔè","sí ⁿdeʔe","kʷee","veʔe","ⁿdiká sàʔà","ⁿdiko","ⁿdisi","čaži","ʔiči","[koni]","[ʔinga]","kʷika","nì kakui","[kama]","žuu","žuʔu","žuʔu","žužu","žüžu","žiko","sači","xùtù","to̧ni̧","ku tu̧ni̧ ʔi̧ni̧","ⁿdi kʷa̧ni̧","taža","vèē","žuku ʔi̧nu̧ ša̧nu̧ = cigarro"
"SilM","θaƀi","yaƀi","ʸ/žiƀi","ko̧mi̧","to̧mi̧","[ⁿdoʔo]","ñi̧ma̧","θiti̧","tu̧ʔu̧","yati","yito̧/žito̧","üθü","θa̧ʔa̧","θiko","θita","ⁿdusa","θüsa","šito","šoo","kʷači","ⁿdučü","[ti kʷii]","yuta","ⁿdaʔži","ña̧ni̧","o̧ñi̧/u̧ni̧","nu̧ʔu̧","u̧ʔu̧","oƀa","ko̧ño̧","kʷaʔa","kʷa̧ʔa̧","usa","yeʔƀa","kiti","ⁿdiʔi","ⁿdiƀi","či ʔi̧ñu̧","ni̧i̧","žīì","ñi̧i̧","yo̧na̧","yaši̧","yiki/žiki","žii",,"oʔƀa","[koto]","čo̧o̧","kači","tači","taa","ti kata","šito=BBQ","satu̧","[ti žiko]/ti kʷañi̧","ⁿdati","taʔya","ti̧i̧","tučü","tiƀi",,"ši toʔo","sakü","kaʔnu̧","θiku̧","kiši","ⁿdiki̧","koo","kini̧ kaa","yukü (ñu̧ʔu̧)","žaku","[na̧ kaƀa]","kʷiya","[θata no̧o̧]","ⁿdakʷa [ta ɴ͂a̧ʔa̧]/ta kʷjʔna̧","[ta ña̧ʔa̧]/ta kʷi̧ʔna̧","kʷa̧a̧","kükü","koθo","ka̧a̧","ni̧nu̧","[ñu̧u̧]","i̧ʔni̧","nu̧ni̧","na̧ma̧","na̧ʔa̧","nu̧na̧","u̧na̧","ti na̧na̧","ⁿdiči","θaƀa","ⁿdoo","kiθi","[ƀareⁿde]/ⁿdiθi=pulque","[ñu̧ñu̧]","tiši leʔe","tiki yoko","ña̧ žiƀi","ño̧o̧/ñu̧u̧","ñi̧ʔma̧","[ši ʸa̧ʔa̧]","[ⁿdi θi̧ʔa̧/ña̧u̧]","[ⁿdaa]","ño̧ʔo̧","i̧ño̧","či̧i̧","ña̧ma̧","yusa","θaʔži","θaži","ƀaʔa","ⁿdihá","me͂e͂","ƀaši","(šeʔe)","(čito/čitu)","ƀi̧ʔⁿda","saʔa","saʔⁿda","saʔu̧","šiti","ušü","ƀiši̧","ⁿdüsa","θi̧ʔi̧","kiƀi","θeʔƀa","θoʔo","aθi","ⁿdaθi","iθa","ƀiθi","ƀitʸi","yaƀi","yiʔƀi","ⁿdaʔƀi","iƀi","ti i̧ʔma̧","kee","kaʔi","ti yoto/ti̧i̧","kʷi̧ñu̧","ⁿdiʔi","ka̧ʔⁿdi","koo žaⁿgi","laa","[ⁿdi koⁿdo]/laʔƀa","la̧ⁿdi","lala","ⁿdasa","ⁿdiƀi/[ka̧ni̧]","loʔo","kiƀi","ⁿdaʔa̧ na̧","yoθo","ⁿdaθa","ⁿdiθo","ⁿdi taʔyi",,"kʷeʔe","ⁿdeʔe","kʷee","ƀeʔe","[mamey]","ⁿdiko","ⁿdiši","taži","utü","[kuni]","tuku","kʷika","kakü",,"yüü","yuʔu","[mȩi̧]/-yeʔe","[kaši̧]","yukü","[čiči]","sati","θütü","to̧ni̧","[ka̧ʔa̧ ko̧no̧]","ⁿdi kʷa̧ñi̧","na̧ taya","ƀee"," ña̧ ku i̧no̧ θa̧nu̧ =cigarro"
"TamS","(ku̧u̧) θaƀi","žaƀi","žīƀǐ","kù̧mǐ̧","tù̧mi̧","[ⁿdoʔo]","ñi̧ma̧","θiti","tù̧ʔú̧","žati","ʔito","ʔuθu","θa̧ʔa̧","θiko","θìtà","ⁿduša",,"šito","šižo","kʷači","ⁿdučü","[ti kʷii]","žuta","ⁿdeʔe","ña̧ni̧","ʔu̧ni̧","nu̧ʔu̧","ʔu̧ʔu̧","ʔoƀa","ku̧ñu̧","kʷaʔa","kʷa̧ʔa̧","ʔüša","žiʔƀa","kiti","ⁿdiʔi","ⁿdiƀi","ši ʔi̧ñu̧","nī̧ǐ̧","žii","ñì̧í̧/ñì̧ì̧","ñu̧nu̧","žaši","žīkǐ","[ti ma̧ʔa̧]","ⁿdežu","žiʔva","θiko","ču̧u̧","kači","tači","tàā","[ƀoʔloa]","šito","šato","tì kʷi̧i̧","ⁿdʸati","ni̧ teʔe","ti̧i̧","[ⁿda kata]","tivi",,"ʔis toʔo","šaku","kaʔnu̧","θiko","kixi","ⁿdiki","kòò káā","kini̧","žǖkǚ","žaku","kāvà žākʷá","kʷìà","[ñi̧ nú̧ū̧´]","ⁿdako","kʷi̧ʔna̧","kʷa̧a̧","kuku","kʷiθo","káā žīkṍ","ni̧nu̧","[ⁿdíθa šikʷaa]","ʔi̧ʔni̧","nu̧ni̧","na̧ma̧","[šì tà̧à̧]","ⁿdî kà nu̧na̧","ʔu̧na̧","ti na̧na̧ na̧ʔnu̧","ⁿdiči","θava","ⁿdòō","kìθī","ⁿdiθi","[ñu̧ñu̧]","tixi θeʔe","tʸa žoko","ña̧ živi","ñu̧u̧","ñi̧ʔma̧","šixi","[ⁿdi θʸa̧ʔa̧]","[ña̧ ⁿdaa]","ñu̧ʔu̧","ʔi̧ñu̧","či̧i̧","ña̧ma̧","žuša","θeʔi","θàží","ƀaʔa","(ƀa)či","me͂e͂","ƀaxi","(šeʔe)","(čito)","to ƀi̧ʔⁿda","šaʔa","xaʔⁿda","šà̧ʔù̧","šiti","ʔušu","ƀiši","ⁿduša","θì̧ʔì̧",,"θiʔƀa","θoʔo","[há̧ā̧]","ⁿdaθi","[ʔikʸu̧u̧]","ƀiθi panela","ƀiti",,"kí žìʔví","ⁿdaʔvi","ʔivi","ti i̧ʔma̧","kee","kaʔži","tì ti̧í","kà kʷi̧ñu̧","ⁿdiʔi","ka̧ʔⁿdi","čiku ya̧ʔⁿgi","ⁿdi laa",,"θa̧ⁿdi",,"[tì ƀášǎ]","ⁿdiʔvi","loʔo","kivi",,"žōθŏ","ⁿdaha","ⁿdíθō","[tì ⁿdìvà]",,"kʷeʔe","ⁿdeʔe","kʷee","veʔe","[ⁿdoko kʷaʔa]","ⁿdiko","ⁿdiši","teže͂","ʔutu","[kuni]","tiki","kʷìkà","kàkū",,"žǖǘ","žǖʔǚ","žiʔi","žüžü","žüžü",,"šati","θütü","tu̧ni̧","ku̧ni̧ tu̧ni̧","ⁿdi kʷa̧ñi̧","taža","vee"," žukʷi̧nu̧ θa̧nu̧= cigarro "
"Ahue","(ku̧u̧) θaƀi","žaƀi","žiƀi","kù̧mì̧","tù̧mī̧","[ⁿdóʔō]","ñi̧ma̧","θiti","tù̧ʔú̧","žati","ʔito","ʔuθu","θà̧ʔà̧","θiko","θìtǎ","ⁿduša","šuša","šòó","šoo","kʷači","ⁿdiči","[tì kʷìí]","[kùčǔ]/žuta","ⁿdeʔe","ña̧ni̧","ʔu̧ni̧","nu̧ʔu̧","ʔù̧ʔù̧","ʔoƀa","ku̧ñu̧","kʷaʔa","kʷa̧ʔa̧","ʔüša","žiʔƀa","kiti","ⁿdiʔi","ⁿdiƀi","či ʔi̧ñu̧","nī̧ǐ̧","žīǐ","ñi̧i̧","ñu̧nu̧","žāšǐ","žiki","ti žii","ⁿdeiže","ʔoʔva",,"ka ču̧u̧","kači","tàčǐ","tàā","tì kata",,"šato","tì kʷi̧i̧","ⁿdati","na̧ teʔe","ti̧i̧","tüčü","tivi tači","too","stoʔo","šaki","kaʔnu̧","θiko","kiši","ⁿdiki","kòo káā","kini̧","žuku","[taʔⁿda]","žakʷa","kʷìà","[ʔiθi nu̧u̧]","ⁿdakʷa","kʷi̧ʔna̧","kʷa̧a̧","kiki","kʷiθo","káā","nì̧nù̧","[ⁿdīa̧ni̧ ñu̧u̧]","ʔi̧ʔni̧","nu̧ni̧","nà̧mà̧","[sità̧à̧]","nu̧nu̧","ʔù̧nà̧","tì na̧na̧ kʷaʔá","ⁿdiči","θava","ⁿdoo","kìθí","ⁿdiθi","[ñu̧ñu̧]","tiši θeʔe","tiko žoko","na̧ živi","ñu̧u̧","ñi̧ʔma̧","šiši","[la θʸa̧ʔa̧]/[ña̧a̧]","[ⁿdàà]","ñu̧ʔu̧","ʔi̧ñu̧","či̧i̧","ña̧ma̧","žuša","θeʔe","θàží","ƀaʔa","čìì","me͂e͂","ƀàxī","(šeʔe)","(mi̧to)","tù ƀi̧ʔⁿda","šaʔa","šaʔⁿda","šà̧ʔù̧","šiti","ʔüšü","ƀiši","ⁿdìšá","ti θi̧ʔi̧","kīví","ti θiʔƀa","θòʔó","ʔaθi","ⁿdaθi","ʔīθá","ƀiθi","ƀiti",,"žiʔvi","ki ⁿdaʔvi","ʔìvì","ti hi̧ʔma̧","kee","kaʔži","ti žoto/ti ti̧i̧","kʷi̧ñu̧","ⁿdiʔi","ka̧ʔⁿdi","tiku ža̧ⁿgi","laa","laʔwa/[la ko̧ⁿdo]","la̧ⁿdi",,"ⁿdi lášá","ⁿdiʔvi","loʔo","kìvì","ʔa̧ma̧","žoθo","ⁿdʸaha","ⁿdiθo","[lā káá]","ⁿdaka","kʷeʔe","ⁿdeʔe","kʷee","veʔe","[ⁿdoko kʷaʔa]","ⁿdiko","ⁿdiši","teže","ʔutu","[kuni]","tiki","kʷìkà","kaki",,"žüü","žǘʔǚ","žiʔi","žüžü","žükü","[čiči]","šati","θütü","tù̧nì̧","ku̧nu̧","ⁿdi kʷa̧ñi̧","na̧ taži","vee"," žukʷi̧nu̧ θa̧nu̧= cigarro "
"Mor","(ku̧u̧) saƀii","yaƀi",,"ko̧mi̧","tu̧mi̧","[ⁿdoʔo]","ñi̧ma̧","čiti","tu̧ʔu̧","yati̧","itu","isi","sa̧ʔa̧","điko","hita",,"šuša","šito","šoo",,"ⁿdiči","[ti kʷii]","žuta/žita","ⁿdeʔe","ña̧ni̧","u̧ni̧",,"u̧ʔu̧",,"ku̧ñu̧","kʷaʔa","[xa̧ʔa̧]","uša","žiʔƀa","kiti",,"ⁿdiƀi","či ʔi̧ñu̧","ni̧i̧","žii","ñi̧i̧",,"žaši","žiki̧","(ti) žii","ⁿdeye","oʔƀa",,"ču̧u̧","kači",,"taa","ti kata","šito","šato","ti kʷi̧i̧","ⁿdati","na̧ teʔe","ti̧i̧","[kata ⁿdaʔa-na̧]","tiƀi",,"[ᵐƀaʔa]","saku","kaʔnu̧","siko","ƀaxi","ⁿdiki","koo","kini̧","yǖkǔ","tɨ yakɨ","[yoʔo]","kʷia","[iši nu̧u̧]","ⁿdakʷa","ta kʷi̧ʔna̧","kʷa̧a̧","kuku","kʷa kʷiso","kaa","ni̧nu̧","[ⁿdia šikʷa]","i̧ʔni̧","nu̧ni̧","[ša ƀeʔe]","[ši ta̧a̧]","nu̧na̧","u̧na̧","ti na̧na̧ kʷaʔa","ⁿdiči","haƀa","ⁿdoo","kisi","ⁿdisi","[ñu̧ñu̧]","ti(xi) đeʔe","tia yoko","ña̧ yiƀi","ñu̧u̧","ñi̧ʔma̧","šiši","[ⁿdi siʔa̧]",,"ñu̧ʔu̧","i̧ño̧","či̧i̧","ña̧ma̧","yuša","heʔe","hayi","ᵐƀaʔa",,"me͂e͂","xi-ƀaxi-na̧","(šeʔe)","(čito)","ƀi̧ʔⁿda","čaʔa","kʷa̧ kaʔⁿa-na̧","šaʔu","šiti","üšü","ƀiši","ⁿdüša","si̧ʔi̧","kiƀi/kiƀuⁿ",,,"aši̧-ña̧","ⁿdahi (yii-na̧)","iđa","ña̧ ƀiši","ƀiti","yaƀi","a ki yiʔƀu","ⁿdaʔƀi","iƀi","ti si̧ʔma̧","[ka̧na̧-ña̧]","na̧ kaʔyi","ti ti̧i̧","kʷi̧ñu̧","ⁿdiʔi","ka̧ʔⁿdi",,"ⁿdi laa","ⁿdi laƀa","ha̧ⁿdi",,"ⁿdi laša","ƀii ⁿdiƀa","[na̧ kʷali]","kiƀi","[ⁿda kiƀi]","yōsŏ","ⁿdaha","ⁿdiso-na̧","[ti ⁿdiƀa]","ⁿdeka","kʷeʔe","ku ⁿdeʔe/a xi ⁿdiʔi-na","kʷee","ƀeʔe","[ⁿdoko kʷaʔa]","ⁿdiko-na̧","ⁿdiši","[ƀanko]","ütü","[kuni]","tiki",,,,"žii","yüʔü","[me͂e͂i̧]","yüyü",,"[čiči]","šati",,,"[kitu̧ni̧ i̧nu̧]",,"na yaya-tu",," yuku kʷi̧no̧ ha̧nu̧ = cigarro"
