IDlist,GLOSS,ID,English,tlah11,pied12,flor12,mont12,bate11,asun11
1,madre,NA,NA,NA,NA,NA,NA,NA,NA
2,mamá!,NA,NA,NA,NA,NA,NA,NA,NA
3,"padre, papá",296,father,tata,tájtě,táta,tatá,tatà ,NA
4,papá!,NA,NA,NA,NA,NA,NA,NA,NA
5,hijo/hija,207,offspring,se'è,sè'e,se'é,jàya ,sè'e,NA
6,hijo,NA,NA,NA,NA,NA,NA,NA,NA
7,hija,NA,NA,NA,NA,NA,NA,NA,NA
8,hermana/hermano de otro genero,386,sister (of man)/brother (of woman),kuva,kò'va,kò'vì,kìva,NA,NA
9,hermano de hombre,110,brother (of man),yani,ñañî,ñanì,ñanì,ñanì,NA
10,hermana de mujer,387,sister (of woman),ku'vì,ku'ù,ku'ì,kìvì,NA,NA
11,tía,727,aunt,xixi,xixi,xíxi,,NA,NA
12,tío,726,uncle,xito,xito,xito,xitò,NA,NA
13,hombre,127,man,tàa,tsiàja ,tsiàja,tyàa,chàa,NA
14,mujer,819,woman,sí'i,NA,si'i,NA,NA,NA
14,mujer,877,woman,ñá'a,NA,NA,NA,NA,NA
15,dueño,169,owner,xto'o,xìto'ô,nà xi'ìn ña'à,sìtoò,sto'o,NA
16,sacerdote,260,priest,sùtu,sujtù,sùjtù,jùtì,sùtù,jùtyi
17,sangre,121,blood,nìín,nìjǐ,nìjǐ,nììn,nìín,NA
18,hueso,367,bone,leké,ìkin,ikǐ,lasa,íkí ché'é,NA
19,pelo,378,hair,ixin,ixǐ,ijxǐ,ixì,ixî,NA
20,cara,311,face,nùú,nùjǔ,nùjǔn,nòò,nùún,NA
21,lengua,690,tongue,yáǎ,yajǎ,yajǎ,,NA,NA
22,diente,112,tooth,ñù'un,nù'u,nù'un,nò'on,nù'un,NA
23,boca,255,mouth,yu'ú,yu'ǔ,yu'ǔ,yu'ù,yu'ú,NA
24,oreja,223,ear,sò'o,sò'o,sò'o,jò'o,só'o,NA
25,nariz,97,nose,xìtín,xitsǐn,xijtsǐn,xìtì,xìchǐ,NA
26,cuello ,171,neck,sùkú,sokǔn,sojkǔn,jìkò,sùkǔ,NA
27,mano,294,hand,nda'á,nta'ǎ,nta'ǎ,ndaà,nda'á,NA
28,uña,205,fingernail,chiǐ,chíjǐn,chíjǐn,chiín,chîín,NA
29,espalda,388,back,sàtá,sàjtǎ,sàtǎ,sàtà,sàta,NA
30,estómago,687,stomach (organ),tìxin,nchìxìn,xìtsivà,tìsi,NA,NA
31,tripa,216,tripe,siti,xitsîn,xitsi,sutì,tsitì,NA
32,pie,214,foot,xa'á,xà'ǎ,xa'ǎ,sà'à,tsa'á,NA
33,enfermedad,244,illness,kuè'è,kuè'è,kuè'è,kuè'è,kwè'è,NA
34,medicina,610,medicine,tàtán,tàjtǎn,tàjtǎn,,NA,NA
35,hinchazón,200,swelling,kwiñu,kuiñu,kuiñu,kuiñu,kwiñu,NA
36,grano ,232,pimple,ndì'i,ntsì'i,ntsi'í,ndì'i,ndì'in,NA
37,pus,181,pus,lakwá,ntajkuà,ndajkua,ndakuà,ndakwà,NA
38,orina,236,urine,láxa,lǎxa,láxa,tìlàlá,nché xàxà,NA
39,ropa,277,clothes,samá,tsiǎà,tsiǎà,jàmà,sa'mǎ,NA
40,huarache,219,sandal,ndìxán,nchìxǎn ,ntsìxǎn,ndìsà,ntsìtsǎ,NA
41,pantalón,331,pants,xatu,xajtû,xajtû,satì,tsatù,NA
42,huipil,124,woven blouse,sa'má ndá'vi,,,,sa'mǎ kwitsì,NA
43,pueblo,90,village,ñuun,ñuù,ñuù,ñoò,ñǔun,NA
44,casa,73,house,ve'e,ve'e,ve'e,ve'e,ve'e,ve'è
45,camino,147,path,ichí,ichǐ,ichǐ,ichì,ichǐ,NA
46,horcón,220,housepost,si'ìn,sì'ìn,si'ìn,tìjìn,,NA
47,petate,92,sleeping mat,yuví,yivǐ,yijvǐ,yivì,yuvǐ,NA
48,cama,105,bed,xìto,xìto,xìjto,sìto,tsìto,NA
49,silla,621,chair,taì,tsiáyi,tsiayì,tyáyì,chei,NA
50,animal,40,animal,kití,kitsǐ,kijtsǐ,kitì,kitǐ,kítyi
51,pájaro,62,bird,sàà,saà,saà,laà,saà,laa
52,pescado,64,fish,tyàká,tsiàká,tsiàká,tiyàká,chakǎ,tiyaka
53,culebra,173,snake,kòó,kòjǒ,kòjǒ,kòò,kòó,NA
54,rana,234,frog,lá'và,sá'và,sá'và,lavà,sa'và,NA
55,gavilán,201,hawk,xí'ña,xi'ña,xí'ña,ndixíñá,xí'an,NA
56,alacrán,34,scorpion,tísò'ma,tsìso'mà,so'mà,tìjimà,tìsu'mà,tyìní'mà
57,cucaracha,242,cockroach,tìtè'é,tsìtsie'é,tsìtse'é,,ndiché'é,NA
58,chapulín,158,grasshopper,tìka,tsikâ,tsikâ,ndìtíì,tìká,NA
59,abeja,154,bee,ñùñú,ñùñǔ,ñùjñǔ,tíñoñò,ñùñǔ,NA
60,ratón,286,mouse,ti'ín,tsìín,tsìín,titìín,tǐ'in,NA
61,venado,100,deer,isu,usû,usû,sìkuaà,isù,NA
62,ardilla,262,squirrel,ndigwáñu,tsìkuáñu,ntsìkuáñu,ndikuání,ndikwáín,NA
63,zorrillo,174,skunk,lílú,léló,léló,tinìín,tí'inità,NA
63,zorrillo,175,skunk,lírrú ka'a ye'è,,,kòjo yuù,,NA
64,tlacuache,157,possum,xàko,xàko,xàjkó,sákua,tsóko,NA
65,mapache,503,raccoon,íin ,má'a,má'à,maa,NA,NA
66,conejo,189,rabbit,leso,leso,lèso,isò,lésú,NA
67,zopilote,149,vulture,pe'lo,tsìkǒxìjǐ,tsìkòxìjǐ,tì kàká,lóchí,NA
68,perro,336,dog,tìna,tsìnâ,tsǐnâ,tìna,tǐnà,NA
69,gato,211,cat,chítu,chújtu,chútu,chitó,vílú,NA
69,gato,212,cat,vilú,,,{micho},,NA
70,gallo,313,rooster,chéle,chéle,chéle,chéle,tó'lo,NA
71,gallina,412,hen,ndyuxí,nchuxí,nchuxi,,chùún,NA
72,cerdo,268,pig,kìnì,kinì,kinì,ndìkochí,kinì,kochí
73,caballo,343,horse,kwayì,{kuayì},kuayì,kuáyì,kwa.ìì,NA
74,borrego,193,sheep,levo,lanchi,lanchi,lévo,ndikachi,NA
75,hormiga,61,ant,tyòkó,tsiòkó,tsiòkó,tìkù kuaá,chokǒ,tsiyo'ò kwáa
76,cuerno,172,horn,ndikí,ntsikǐn,ntsikǐ,ndikì,ndikǐ,NA
77,pluma,94,feather,tùmi,tǒmî,tǒmî,tòmi,tùmì,NA
78,ala,33,wing,ndìxin,nchìxǐn,nchìxǐn,ndìsì,ntsìtsǐ,ndyìsì
79,cola,95,tail,ndo'ó,nto'ǒ,nto'ǒ,ndo'ò,ndo'ó,NA
80,árbol,830,tree,itú,ijtǔ,ijtǔn,NA,NA,NA
81,hierba,256,grass,yùkù,yùjkù,yùjkù,yùkù,yùkù,NA
82,zacate/pasto,330,grass,ità,ijtsiâ,ijtsià,ityà,ichà,NA
83,flor,89,flower,ita,ijtâ,ita,ítà,ità,NA
84,maguey,70,maguey (century plant),yaví,yavǐ,yajvǐ,yavì,yávi,yávì
84,maguey,390,maguey,viìntyà' víxin,tsìkǔxin,yàjvǐ,,NA,NA
85,raíz,86,root,tyò'o,tsiò'o,tsiò'o,yò'ò,yo'ó,yo'ò
86,"espina, araña",361,NA,iñú,ijñǔ,ijñǔ,iñò,iñǔ,NA
87,maíz,42,corn (in grain),nùní,nùnǐ,nùjnǐ,nònì,nùnǐ,nùní
88,milpa,43,cornfield,itu,utû,ujtû,itì,itù,ityi
89,"elote (no crudo, para comer)",303,fresh corn on the cob,ndixín,nchixǐ,nchìxǐ,ndixì,ndixî,NA
90,nixtamal,595,cooked corn,xá'a,xá'a,xá'a,,tsa'á,NA
91,masa,153,dough,yùxán,ixǎn,ixǎn,yusà,yútsa,NA
92,tortilla,103,tortilla,xìtá,xìtǎ,xìtǎ,xìtà,stàá,NA
93,rastrojo,206,stubble field,xe'è nùú ñu'ú,xè'è,xè'è mii,ñàmà,tiàmá,NA
94,surco,257,planting row,chìchi,í'tsin,chìchi,chìchi,chìchi,NA
94,surco,258,planting row,,,,yikò,NA,NA
95,espiga de milpa (215? GRB),640,corn spike,yokó itu,yojkǒ,yojkǒ,,NA,NA
96,frijol,45,beans,nduchí,ntuchǐ,ntujchǐ,nduchì,nduchǐ,ndyúchì
97,ejote,194,green bean,ndìchi,nchìchî,nchǐchî,ndìchi,nchichî,NA
98,chile,72,chili pepper,ya'á,ya'ǎ,ya'ǎ,yá'à,ya'á,yá'à
99,sal,3,salt,ìín,ìjǐn,ììn,nìì,ìǐn,ñiì
100,calabaza,74,squash,ikín,ikǐn,ijkǐn,yikì,íki,yíkì
100,calabaza,366,squash,ikín,kiá'mǐ,ikǐn,yikì,ikǐ,NA
101,chayote,161,chayote squash,nañá,nañǎ,najñǎ,tináñà,nañǎ,NA
102,caña,126,(sugar)cane,ndòó,ntòjǒ,ntojǒ,ndòò,ndòó,NA
103,miel,198,honey,ñùñú,ntǔxi,ntǔxi,ñoñò,ndǔxì,NA
104,manteca,101,grease,xà'an,xǎ'ân,xǎ'ân,xà'án,xǎ'àn,NA
105,huevo,63,egg,ndìví,ntsìvǐ,ntsìjvǐ,ndìvì,ndìvǐ,ndìvì
106,tomate,79,tomato,tnàná,tsìnanǎ,tsìnanǎ,tìnanà,tinǎna,tinaná
107,camote,288,tuber,ndya'mí,ña'mǐ,ña'mì,ñamìì,ña'mǐ,NA
108,aguacate,291,avocado,tìchi,chìjchí,chìjchí,tìchí,tǐchi,NA
109,plátano,341,banana,ndiká,ntsijkǎ,ntsijkǎ,ndikà,nchikǎ,NA
110,nopal,213,nopal,vì'tá,vi'ntsiǎ,vi'ntsiǎ,mindyà,mì'nchǎ,NA
111,mamey,247,mamey,ndiká kwá'a,ntsiká kuá'a,ntsiká kuá'a,ndokò kuaá,,NA
111,zapote,678,zapote,ndokó,ntòkǒ,ntsìká kuá'a,ndokò,NA,NA
112,chirimoya,494,cherimoya,ndokó tyá'tàn,ntokǒ,ntojkǒ,,NA,NA
113,hongo,362,mushroom,xì'í,xi'ǐ,xi'ǐ,sì'ì,tsì'ǐ,NA
114,carne,83,meat,kùñu,koñû,koñô,kòño,kǔñù,kùñù
115,comal,106,griddle,xìyó,xìyǒ,xìjyǒ,,tsiòó,NA
116,olla,197,clay pot,kìsi,kìsi,kìsi,kìji,kìsi,NA
117,horno,130,oven,xitùn,xìtùn,,sìtò,tsìtù,NA
118,"fuego, lumbre",203,fire,ñu'ùn,ñu'ù,ñu'ù,ñoò,ñu'ù,NA
119,ceniza,71,ash,yàá,yàjǎ,yàjǎ,ya'à,yàá,yáà
120,carbón,8,charcoal,tùún,tùún,tòjǔn,tò'òn,tùǔn,ùùn
120,carbón,398,charcoal,tùún,tsìkàyì,tùjun,to'on,NA,NA
121,humo,78,smoke,yu'mà,i'màn,ì'mân,ñìmà,ñu'ma`,ni'mà
122,basura,210,waste,xe'è,xè'è,xè'è,sè'è,mǐ'in ,NA
123,plato,NA,NA,NA,NA,NA,NA,NA,NA
124,jícara,58,gourd,yaxín  te'é,yaxǐn tsié'é,yaxǐn,yasì,yátsǐ,yásì
125,tenate,59,tortilla basket,ndò'ó,ntò'ǒ,ntò'ǒ,ndò'ò,ndoò tsítí,ndo'ò
125,canasta,720,basket,tòká,kanàsta,tìká,,NA,NA
126,"caja, cajón",NA,NA,NA,NA,NA,NA,NA,NA
127,hilo,118,thread,yù'và,yi'và,yi'và,yìvà,yù'à,NA
128,peine,252,comb,kwikà,kuijkà,kuikà,kuìkà,kwìkà,NA
129,mecate,87,rope,yo'ó,yo'ǒ,yo'ǒ,yo'ò,yo'ó,NA
130,agujero,31,hole,yàvì,yavì,yavì,yavì,yavì,yavì
131,red,122,mesh,yáti,yujñǔ,,tiyivá,ñunǔ,NA
132,jabón,815,soap,nàma,NA,nǎjma,NA,NA,NA
133,anillo,855,ring,xé'é,NA,NA,NA,NA,NA
134,luna,44,moon,yóǒ,yòjǒ,yòjǒ,yòò,yòó,yóò
135,nube,150,cloud,vìkó,vìkǒ,vìjkǒ,vìkò,vìkǒ,vikò
136,relámpago,493,lightning,taxan sàví,taxa,kááni sàjvǐ / taxa,,ntsá nduchǎ,NA
136,rayo,67,lightning,kaxan,taxa,taxa,ndasa,tatsa,NA
137,agua,23,water,tìkwíi,tsìkuǐi,tsìkuǐi,tikuií,chukwíi,tsikwií
138,lluvia,68,rain,sàví,sàvǐ,sàjvǐ,jàvì,sàvǐ,jàvì
139,río,108,river,ìta,ìtsia,ìjtsia,yùtya,yùcha,NA
140,rocío,148,dew,kaxin,yúyú,yúyú es brisa / yìva cuando hace mucho frio como,yúyú,yúyú,NA
141,cerro,176,mountain,ko'nto,ko'nto,ko'nto,yukù,yùkǔ,NA
142,llano,241,plain,yosó,yosǒ ,yosǒ ,yojò,yosǒ,NA
143,piedra,254,stone,yùú,yùjǔ,yùjǔ,yùù,yùú,NA
144,algodón,35,cotton,kàchí,kàchǐ,kàjchǐ,kàchì,kàchǐ,kachì
145,fierro,261,metal,kàà,kǎà,kàa,kà'a,kàa,kàà
146,papel,332,paper,tutu,tujtû,tutu,tutì,NA,NA
147,cal,333,limestone,kaka,kajkâ,kajka,kakà,kakà,NA
148,cera,96,wax,yùmá,ìmǎ,ìjmǎ,nìmà,ñùmǎ,NA
149,lodo,109,mud,ndà'ì,ntsia'yì,ntsia'yì,ndyàyì,nchà'ì,NA
150,espuma,120,foam,ñùñùn,chìkìñù,chìkìñù,chi'ìñò,tiñun`,NA
150,espuma,881,foam,chiñùn,,NA,,,NA
151,polvo,295,dust,yáka,yájkǎ,yakǎ,yàká,yǎka,NA
152,rojo,116,red,kwá'a,kuá'a,kuá'a,kua'á,kwaá o kwá'à ,NA
153,verde,298,green,kwí'ǐ,kuijǐ,kuijǐ,kuíì,kwíìí  (o) kwíǐ,NA
154,amarillo,39,yellow,kwáan,kuáan,kuáan,kuaán,kwáan,kwaá
155,negro,308,black,ndáá/tùú,tùjǔn,tòjǒn,tòón,nché'ì,NA
155,negro,309,black,ndaá/tùú,ntsiayì,,,nché'ì,NA
156,blanco,284,white,yaa,yaa,yaa,yaa,yaa,NA
157,uno,1,one,iin,iin,iin,iin,iin,iin
158,dos,229,two,ùvì,ìvì,ìvì,ìvì,ùvì,NA
159,tres,111,three,ùnì,ònì,ònì,ònì,ùnì,NA
160,cuatro,93,four,kòmí,kòmǐ,kòjmǐ,kòmì,kùmǐ,NA
161,cinco,113,five,ù'ùn,ù'ùn,ù'ùn,ò'òn,ù'ùn,NA
162,seis,204,six,ìñù,ìñù,ìñù,ìñò,ìñù,NA
163,siete,117,seven,ùxà,ùxà,ùxà,ùsà,ùtsà,NA
164,ocho,192,eight,ùnà,ònà,ònà,ònà,ùnà,NA
165,nueve,2,nine,iìn,ììn,ììn,ììn,ììn,iìn
166,diez,217,ten,uxì,ùxì,ùxì,ùsì,ùtsì,NA
167,quince,215,fifteen,xa'ùn,xa'ùn,xa'ùn,sà'òn,tsà'ùn,NA
168,veinte,337,twenty,oko,òjkò,òkò,òkò,NA,NA
169,pobre,228,poor/humble,ndá'vi,ntá'vi,ntá'vi,ndaví,ndávì,NA
170,rico ,312,rich,kwíká,kuíjka,kuíka,kuíká,kwíka,NA
171,frío,218,cold,vìxin,vìxin,vìxin,vìsi,vìtsi,NA
172,caliente,125,hot,i'ní,i'ní,i'ní,iní,i'ní,NA
173,grande.SG,170,big (sg.),ká'nu,ká'nu,ka'nu,káno,ká'nu,ká'nu
174,grande.PL,NA,NA,NA,NA,NA,NA,NA,NA
175,pequeño.SG,239,small (sg.),lo'o,lo'o,lo'o,ló'ò,kwáchi,NA
176,pequeño.PL,138,small (pl.),válí,,lo'o,loò,kwáchi,NA
176,pequeño (en pedazos?),818,small,sava vali,NA,litsín,NA,kwáchi,NA
177,largo.SG,301,long,kâni,kajnǐ,kajnǐ,kánìì,kanǐ,NA
178,largo.PL,NA,NA,NA,NA,NA,NA,NA,NA
179,bueno,209,good,và'a,và'a,và'a,và'a,và'a,NA
180,dulce,227,sweet,vìxì,vìxì,vìxì,vìxì,vìxì,NA
181,salado,37,salty,u'và,ò'và,ò'vâ,ìvà,ù'và,í'à
182,amargo,36,bitter,ùvà,òvà,òvà,ìvà,ùvà,ívà
182,amargo,266,bitter,,ajtu,òvà,,NA,ìvà
183,sabroso,224,tasty,yàsí,àsǐn,àsǐn,ànjìn,àsǐ,NA
184,ancho,325,wide,ndìkà,ntsíjkà,ntsíjkà,ndika,NA,NA
185,nuevo,287,new,xàá,xàá,xàá,sàá,tsaa (MAM),NA
186,flojo,104,lazy,xúxan,xúxan,xúxan,júsá,kukuxà,NA
187,feo,84,ugly,kini,kini,kini,kini,kini,kini
188,celoso,570,jealous,kwiñu,kuíñun,kuíñû,,NA,NA
189,"cerca, próximo",98,close/near,yachi,yatsin,yajtsin,yati,yachi,NA
190,lejos,719,far,xíka,xìka,xíka,,NA,NA
191,pesado,264,heavy,vèe,vèje,vèje,vè'e,vèe,vèe
192,crudo,316,raw,ì'i,í'i,í'i,yíí,NA,NA
193,liso,238,smooth,kaní,kaní,kaní,vilá,ndiìí,NA
194,despacio,245,slowly,kwe,kuée,kuée,kueé,kwée,NA
194,despacio,922,slowly,kuee,yàà,kuée,NA,NA,NA
195,ayer,250,yesterday,kùni,kojni,koni,koni,kuni,NA
196,año,41,year,kwiyà,kuiyà,kuìyà,kuìyà,kwìyà,kwiyá
197,"ahora, hoy",32,now/today,viti,vitsin,vitsin,viti,vichi,vítyi
198,noche,18,night,ñuûn,ñǔu,ñǔu,ñoó,tsi kwaǎ,sakwàa
199,de noche,NA,NA,NA,NA,NA,NA,NA,NA
200,"día, fecha",240,date,kìví,kìjǐ,kìjǐ,kìvì,kìí,NA
201,de día,10,daytime,nduví,ntiví,ntiví,ndiví,nduú,ndiví
202,mitad,195,half,ña'ñu,mà'ñú,mà'ñú,java,mǎ'in,NA
203,dinero,292,money,xù'ún,xù'ún,xù'ún,xò'ón,xǔ'un,NA
204,trabajo,114,work,chiñu,chiñu,chiñu,chiño,chuun,NA
204,trabajo,115,work,,chuun,chuun,,,NA
205,palabra,69,word,tù'un,tù'un,tò'on,tò'on,tù'un,tu'ù
206,culpa,107,guilt,kwàchi,kuachi,kuàjchi,kuàchi,kwàchi,NA
207,sueño,739,dream,xàni,xànì,xànì,,NA,NA
208,cuándo,NA,NA,NA,NA,NA,NA,NA,NA
209,canción,724,song,yaa,yaà,yaà,,NA,NA
NA,piel,4,skin,iín,ijǐn,ijǐn,niì,iǐn,ñiì
NA,marido/esposo,5,husband,ií,ijǐ,ijǐ,yiì,iǐ,yiì
NA,delicado,6,fussy,ìí,ìjǐ,ìjǐ,ìì,ìǐ,ìí
NA,atole,7,atole,tuta,tutsiâ/tsiutsiâ,tsiutsiâ,tutyà,tuchà,tútya
NA,sol,9,sun,tkandìí,tsìkantsijǐ,tsìjkantsijǐ,ndikàndiì,nìkànchiǐ,ndíkandzií
NA,cielo,11,sky,ndiví,ìntsiví/àntsiví,àntsìví,nòò víkò,andiví,andzivi
NA,espacio exterior,12,NA,sàta ndivi,,sàtǎ antsívi,andiví,NA,NA
NA,bonito,13,pretty,nduvi,ntivi,ntivi,livi,viǐ,livi
NA,bonito,14,pretty,,,ndatǔ,ñóchí,NA,núchí
NA,bonito,15,pretty,,,ñuchi,,ché'é,NA
NA,media noche,16,middle of the night,sava ñuûn,sava ñǔu,sava  ñǔu,java ñòo,ñuû,java ñùú
NA,media noche,17,middle of the night,NA,NA,NA,,NA,NA
NA,mezcal,19,mezcal,ndixi xàtù,nchixî i'ní,nchixî i'ní,,nchá ùvà,NA
NA,champaña,20,champagne,ndixi và'a,,nchixî i'ní,,NA,NA
NA,aguardiente,21,liquor,ndixi xatù,nchixî i'ní,nchixî i'ní,ndutyà,varrénchè,NA
NA,mar,22,sea,tìnúmǐ,tsìkuǐi,tsìkuǐi kuà'ǎ,tiñò'on,tsió ndúcha,NA
NA,aguado/claro/transparente,24,watery,kwíi,kuíi,kuíi,kuii,kwíi,NA
NA,espíritu del sueño/pesadilla,25,"spirit of dreams, nightmare",nímà ndaa sàtá,ìxǎnì kini,ñà xíníí,ndiméndé,menche,NA
NA,aire,26,air,tàchí,tàchǐ,tàjchǐ,tàchì,tàchǐ,tachì
NA,brillante,27,shiny,xíñù,xíñù,xíñù,xíñò,xíñù,yé'è
NA,brillante/claro,28,bright/clear,ye'è,yé'è,yé'è,yé'è,NA,NA
NA,abajo,29,below,nìnù,nìnù,nìnù,nìnò,nìnù,vàa
NA,abierto (v.),30,open (v.),núná,núná,nóná,nóná,núná,núná
NA,espeso,38,thick,na'ma,o'va,ó'vá,iva,u'a,NA
NA,madera/árbol,46,wood/tree,itú,itǔn,ijtǔn,yitò,yutǔ,yíto
NA,leña,47,firewood,tutún,totǔn,tojtǔn,titò,tutǔ,tyíto
NA,puente,48,bridge,[puénte],[puentè],kuénte,[puenté],vìtǔ,
NA,bule,49,gourd jug,yoo,[vulù],vatayoò,[vulù],yoò,"vulì, yoo"
NA,arriba,50,above,nìnú,nìjnu,nìjnu,nìno,kǔchì,nìnò
NA,presumido,51,boastful,landò,lantò,lantò,mesè,lândù,lándò
NA,alegre,52,happy,vatá,kuátsia,kuátsia,,kwáchá,kújiì
NA,distanciado,53,reserved,uun,uun,kú úun,oon,úún inî,tyúku
NA,arrogante,54,arrogant,chí'ña,lantò,koò xá'jâ inì,ìchì,ichi inî,lándò
NA,muerto,55,dead,ndìì,ntsǐì,ntsìì,ndìi,ndiǐ,ndyìì
NA,principal,56,elder,ná xà'nú,rà kúná'nu,na xìkuà'a,na saví,chaà ntsá'nu,tyì sàkwa'à
NA,jicapextle,57,large gourd,xkó'ó,,xìkó'ó,yasì,,yasì
NA,Mixteco,60,Mixtec,tù'un sàví,Tù'un Ntá'vi,Tò'on Ntá'vi,tù'ùn nda'ví,tù'ùn ndá'vi,tù'ùn nda'vi
NA,hoja,65,leaf,yùku nda'á itú,nta'ǎ ijtǔ,nta'ǎ ijtǒn,ndaà to kuií,nda'á yǔtu,NA
NA,tierra,66,dirt,ñu'ú,ñu'ǔ,ñu'ǔ,ñoò,ñu'ú,ñu'ù
,,,,,,,,,
NA,piojo,75,louse,tìkú,tsiukǔ,tsiǔkǔ,tiyúkù,chukǔ,tiyuku
NA,sabio,76,wise,stu'va,,nà xku'á,tìsaví,ntsitsî inî,tisà'vi
NA,tomatillo,77,tomatillo,tnàná sòó,tsìnanǎ sóó,tsìnanǎ sóó,tìnanà jò'ó,tinana sòó,tinana kwií
NA,jitomate,80,red tomato,tnàná kwá'a,tsìnanǎ kuá'a,tsìnanǎ kua'a,tìnanà kuaá,tinâna sòo,tinaná ndyà'ì
NA,nuez,81,pecan,tìkí,tsìkí,tsìkí,tyájìn,tǐki,NA
NA,semilla,82,seed,si'và,si'và,si'và,tiyíkì,si'và (Abel);tikǐ (Yessica),tiyikí
NA,estrella,85,star,tkìmi,tsiujǔn,tsiùjǔn,tìtóòn,chuùn,NA
,,,,,,,,,
NA,arena,88,sand,yùti,yùtsí,yùtsí,ñòtí,yǔti,NA
NA,gente,91,people,yùví,nàyìvǐ,nàyìvǐ,nà yivì,nivǐ,NA
,,,,,,,,,
NA,tipo de madera,99,type of wood,ndàva,ntáva,víga,,ndàva,NA
,,,,,,,,,
NA,olor,102,smell,xikò,xikò,xá'àn,xikò,xikò,NA
,,,,,,,,,
NA,cangrejo,119,crab,kolo yòó,,tijéra,tìkulaskó,chò'o xîín,NA
NA,tejón,123,coati,,,,tìyìyì,iì,NA
,,,,,,,,,
NA,redondo,128,round,tìkwìta,tsìkàtsià,konto tsìduu,tìkàtyá,tikùcha,NA
NA,comida,129,food,ña'an xíxiná,,ña'an xixe,,ncheyǐ ,NA
NA,hormiga arriera,131,leafcutter ant,lasu'ú,,,tikùjùú,chokó súú,NA
NA,chicatana,132,queen leafcutter ant,xindòkò,,xìnto'ko,xindokò,,NA
NA,hormiga roja que pica,133,red ant that bites,tyòkó kwá'a,tsiòkó kuà'a,tsòko kuà'a,tikùñòó,cho᷄ko kwá'à,NA
NA,tigre/jaguar,134,jaguar,ndgá'a,ntsiká'á,ntsika'a,ndikuiìn,ndikáa,NA
NA,otro felino,135,other wild feline,,ntsi'ì,,ndikaa,,NA
NA,mentira,136,lie,vatá,tú'un,tú'un,toón,sùña ndàà,NA
NA,rama,137,branch,nda'á itú,ntukû,ntujku,ndaá yitò,nda'á yùtû,NA
,,,,,,,,,
NA,empinado,139,steep,ndichi,nchichî,nùún nchíchi,ndichì,nchichì,NA
NA,pulque,140,pulque,ndixi,,ra kuxìn,ndíxí,ndixì,NA
NA,sapo,141,toad,,karkakǎ,sapo,,,NA
NA,sapo,142,toad,lápó,síkui,síjkui,,likwì,NA
NA,agrio,143,sour,iyá,iyá,iyá,iyá,iyá,NA
NA,gato montes,144,wild cat,vilú ikú,chútu yukú,chújtu yujkǔ,chitó yukú,vílú yuk,NA
NA,comadre,145,co-mother,máli,{máli},máli,{malí},márî,NA
NA,duro,146,hard,te'é,tsié'é,tsie'é,kásí,kátsi,NA
NA,olote,151,corncob,sàñá,sanǐ,sanǐ,jàníì,sáyǐn,NA
NA,murciélago,152,bat,chínáká,chináká,chináka,chirrìì,tsikúchǐ,NA
NA,panal,155,beehive,yòkò,yokò,yokò,yókò,yòkǒ,NA
NA,viuda negra,156,black widow,xindòkò tùún,tsiu'ún,tsiù'ún,tì ñoón,tindǒǒ,NA
NA,temblor (v.),159,earthquake (v.),tâan,tájan,tájan,táan,tâan,NA
NA,lagartija,160,lizard,melá,milá,la'lò,míla,tsilikwákú,NA
NA,iguana,162,iguana,chichí níí,chíchín,chìchí,chìníi,tǐchí,NA
NA,víbora de cascabel,163,rattlesnake,kòó kàà,xàyo,xàyo,kòò kàá,kòó tsa'á,NA
NA,paloma,164,dove,sàtà,sàta,sàta,nakuàá,sáta,NA
NA,ataúd,165,coffin,xàtún,xàtǔn,xàtǔn ndǐi,sàtò,tsàtu,NA
NA,zancudo,166,mosquito,ndyáá,ntà'íxí  ,nta'ixì,tìkuiín,tikwàín,NA
NA,tendón/cable ,167,tendon,tùchi,tùchî,tùchi,tùchi,tùchi,NA
NA,cuarta de mano,168,handwidth measure,iin nda'á,iin ntá'ǎ,iin nta'a,iin ndaà,iin nda'á,NA
,,,,,,,,,
,,,,,,,,,
,,,,,,,,,
NA,armadillo,177,armadillo,yakwí,yajkuǐn,yajkuǐn,tìyákò,yákwǐ,NA
NA,esguince,178,sprain,ndìkàvà,nìkavà,NA,nii yàà,nikàvà ,NA
NA,monte,179,wilderness,yukú,yujkǔ,yujkǔ,vàá,yukǔ,NA
NA,ceja,180,eyebrow,ixí sikwá,ixǐsìkuǎ,ixǐ nùě,xìkuà nóò,ixí xìkwǎ,NA
,,,,,,,,,
NA,demonio,182,devil,tìmì'á,tsìjmiǎ,tsìjmiǎ,tí'ivì,tàchǐ,NA
NA,encima del cerro/de la montaña,183,mountain top,xìkí,sàjtǎ ko'nto,sajta ko'nto,nòò yúkù,tsìkǐ,NA
NA,encima del cerro/de la montaña,184,mountain top,,,,itò,,NA
NA,sobaco,185,armpit,che'lè,chixin xe'è,chixìn xe'e,xèè,tìxe'è,NA
NA,mecapal,186,tumpline,yáti,yájti,yati,jayatí,yutun ndò'ǒ,NA
NA,pedazo,187,piece,sava,sava,sava,táví,sava,NA
NA,toda la noche,188,all night,niñu ñuû,ninuyaa,nǐñûyáa,nii ñoó,níî niñû,NA
NA,pared,190,wall,ndìka,ntsìjkâ,ntsǐkâ,ndìkà,nchìka,NA
NA,temprano,191,early,na'a,na'â,na'an,naà,na'à,NA
,,,,,,,,,
NA,guajolote,196,turkey,kolo,kolo,kolo,kolo,kóló,NA
NA,pelo de elote,199,corn silk,yàtyá xìní ndixin,yojkǒ,yatsia,yokò,yokó,NA
NA,verdad,202,truth,ndaà,mia ntàà,ntàà,ndàà,ndaàntsitsa,NA
,,,,,,,,,
NA,catarro,208,NA,katá nì'in sùkun,kátá nì'i,kátá sùkùn,jàyi,kwè'è kaǐ,NA
,,,,,,,,,
NA,nombre,221,name,kìví,kìjǐ,kìjǐ,kìvì,kìí,NA
NA,cacao,222,cacao,si'và chocoláte,,si'và,ti jìvà,,NA
NA,cerrado (v.),225,closed (v.),ndási,ntási,ntási,ndyají,ndásì,NA
NA,pasado mañana,226,day after tomorrow,isá,isâ,isâ,ijá,isâ,NA
NA,rata,230,rat,tì'ín yotó,tsiǒtǒ,tsiǒtǒ,tìyótò,,NA
NA,inflamación,231,NA,nàñu,kuiñu,kuiñu,náño,nì kaa,NA
,,,,,,,,,
NA,arcoiris,233,rainbow,tikolà'ntí,kòjǒ yáán kí,kòjǒ yánkí,tìkùyàndí,skoò nchà'nchá,NA
NA,ombligo,235,navel,lalu,lantu,lantu,xandì,xandu,NA
NA,chachalaca,237,chachalaca,laxán,tsiùjǔ  yùjkù,kuvíyó,ndása,,NA
,,,,,,,,,
,,,,,,,,,
,,,,,,,,,
NA,pegamento,243,glue,kixín,tsíjin,kixǐn,ñà kixí,kixǐ,NA
NA,tortilla gruesa/gordita,246,thick tortilla,vila,vila,vila,ndixání,xà'nchǎ,NA
,,,,,,,,,
NA,arriba del monte donde se puede habitar,248,NA,yosó,yosǒ,yosǒ,itò,yohsǒ,NA
NA,banquito,249,small seat,taì lo'o,tsiáyi lo'o,tsiáyi lo'o,tyáyì loò,chéì lúú,NA
NA,otro,251,another,inka,inkâ,iin ka,ínkà,ìnkaà,NA
NA,rudo/salvaje,253,rude,yuku,yukú,yukǔ,tìyukú,yukú,NA
NA,calzón,259,underwear,xatú,xajtû lo'o,xajtû ini,satì lúù,tsatù lundu,sátyi
NA,suelto,263,loose,taya,,tayà,táyà,tayà,taya
NA,tabaco,265,tobacco,xanù,xanù,xanù,yùkù inó,ngwìnǔ,
NA,festividad/fiesta,267,festival,viko,vijkǒ,vijkǒ,vikò,vikǒ,víkò
,,,,,,,,,
NA,pulga,269,flea,tyo'ó,tsiò'ó,tsiò'ó,tìyò'ó,chò'ó,tyiyo'ó
NA,yunta,270,yoke,yunta,yújku,yǔnta,yukú,,yúndá
NA,mentiroso,271,liar,tú'ún,tu'ún,ñà tó'on,latoón,tú'un,lándò
NA,aguja,272,needle,tíku,itsiukû,itsiukû,iñó tùkú,iñǔ,
NA,fiesta patronal,273,patron saint festival,vikó ká'nu,vijkǒ ká'nu,vijko ká'nu,vikò káno,vikǒ ñuù,víkò ká'nu
NA,anteayer,274,day before yesterday,kiún,kiuùn,kiuùn,kìñoòn,tá iku ñuù,NA
NA,compadre,275,co-father,mva,{mpáa},mpáa,{mpáà},mpáà,NA
NA,"tipo de insecto, negro, puede volar",276,type of flying black insect,tikó si'ví,ntúu,ntsìsì'ví,,NA,NA
,,,,,,,,,
NA,música,278,music,yáa,yaà,yaà,yáà,yàà,NA
NA,becerro,279,bull calf,NA,měè,tsìntsìki lo'o,chelò,NA,NA
NA,becerro,280,bull calf,NA,mǎà,,,NA,NA
NA,becerro,281,bull calf,NA,mǎà lo'o,,,NA,NA
NA,yerno,282,son-in-law,càsa,kàsá,kàsá,kàjá,séè,NA
NA,bebé,283,baby,lée,léé,lěe,leè,néné,NA
,,,,,,,,,
NA,mojado,289,wet,vixá,vixá,vixá,vixá,vixó,NA
NA,rasposo,290,rough,ndayù,ntayí,ntayí,ndayí,ndaí,NA
NA,metate,293,grindstone,yuví,yòsó,yòsó,yòjó,yǒso,NA
NA,padre/papá,296,father,tata,tájtě,táta,tatá,tatà ,NA
NA,oscuro,297,dark,naǎ,najǎ,najǎ,naà,naa  (ABA),NA
NA,cintura,299,waist,toko,tojkǒ,tojkǒ,káà,tokǒ,NA
NA,fuerte,300,strong,ndakú,ntajkǔ,ntajkǔ,ndakòò,ndakǔ,NA
,,,,,,,,,
NA,joven,302,young,kwàá,kuajǎn,ítsiǎ,tìtyakó,tsaǎ,NA
,,,,,,,,,
NA,chueco,304,crooked,"kávà,ndìkàvà,kàva",nìkavá,tsìkàvà,nikàvà,yakwá,NA
NA,flaco,306,skinny,kwiǐn,níjǐ,lakua,tìkasá,tìkàtsá,NA
NA,filoso,307,sharp,xìí,xìjǐn,xìjǐn,xèèn,xèén,NA
NA,negro/morado?,310,black-red,ndaá/tùú,ntsiáá,ntsiáá,ndyàá,ndukú,NA
,,,,,,,,,
NA,temporada seca,314,dry season,ichi,íjchi,íchi,ta ìchí,ichì,NA
NA,lleno,315,full/filled,chitú,,chutú,,NA,NA
NA,vivo,317,alive,takù,tsiájku,tsájku,tyakó,NA,NA
NA,mágico,318,magical,ndichí,nchíjchi,nchíjchi,,NA,NA
NA,malo,319,bad,vǎ'a,vǎ'a,vǎ'a,,NA,NA
NA,corto,320,short,kwiti,kuíjtsi,kuíjtsì,kuití,NA,NA
NA,espíritu,321,spirit,anìma,{anìma},anìmà,,NA,NA
NA,alto,322,tall,súkú,sójkun,sójkon,,NA,NA
NA,anciano (personas),323,elder,yatá,lá'nu,yá'ta,tìyatá,NA,NA
NA,anciano (personas),324,elder,chêe,,nà ná'nu,tìsivàa,NA,NA
NA,enfermo,326,sick,kú'vì,kú'ù,kú'ù,kívì,NA,NA
NA,tostado,327,toasted tortilla,"kasun,ndìkàsùn,kàsùn",kasùn,kasùn,nikajòn,NA,NA
NA,nido de aves,328,bird's nest,chi'yò,chi'yò,chi'yò,takà,NA,NA
NA,sucio,329,dirty,mèkò,yajkuà,yajkuà,yakuà,NA,NA
,,,,,,,,,
NA,camisa,334,shirt,kotó,{kójtô},kójto,kotó,NA,NA
NA,copal,335,copal incense,xuxan,xuxâ,xǔxâ,kùtí,NA,NA
NA,vamonos,338,NA,ko'o,ko'ě,NA,,NA,NA
NA,grillo,339,cricket,linchí,chínchí,chìnchi,,NA,NA
NA,limpio,340,clean,yuchi,ntoò,ntoo,viì,vìi,NA
NA,roca,342,NA,yùú,kàjvǎ,kàjvǎ,kavà,NA,NA
NA,chivo,344,goat,chù'ú,chú'ǔ,chú'ǔ,tixúù,ndúchá,NA
NA,vaca,345,cow,vaca,[vakâ],vaka,vaká,stìkǐ sí'ì,NA
NA,pollo,346,chicken,ndyuxí,nchuxí,nchuxí,ndi yusí,chùún,NA
NA,coyote,347,coyote,ndwǎ'yu / ndwǎ'i,ntsìvá'yì,ntsìva'yì,ndìvàyí,ndivà'ú,NA
NA,zorro,348,fox,lakwíi,chìkuii,chìkuíi,losò,nkwìì,NA
NA,pico/boca/tapadera/orilla,349,mouth,yu'u,yu'ǔ,yu'ǔ,tyàyà yúù,yu'ú,NA
NA,cresta del gallo,350,crest,là'la,làjla,làjla,ndyàtyà chéle,,NA
NA,colibrí,351,hummingbird,ndyùú,ntsio'ô,ntsio'o,ndiyóò,ncho'o,NA
NA,maracuya/granadilla,352,NA,tyoó,tsiǒò,tsiǒò,tìyoli,,NA
NA,caracol,353,snail,tiko ií,tsìkaní,tsìkaní,,ndiko íi,NA
NA,renacuajo,354,tadpole,chìlólǒ,tsikóntó,ntsikóntó,ndikóndó,tìxichi,NA
NA,lombriz,355,earthworm,tikuxin,tsìkuxí,tsìkuxi,tìndakó,tìndakǔ,NA
NA,luciérnaga,356,firefly,twi'ún,tsǐ'vì,tsǐ'vì,tìtóòn,chivi,NA
NA,garrapata,357,tick,tixìi,nchixìji,ntsìxìji,tìxìí,ndixii,NA
NA,salsa,358,salsa,ti'a,tsia'á,tsia'a,tiyà'á,nchá'á,NA
NA,tipo de araña (a),359,type of spider,xindù'và,tsiu'ún,,,tìn ndôó,NA
NA,tipo de araña (b),360,type of spider,NA,chikitǔ,chikitǔ,,NA,NA
,,,,,,,,,
NA,epazote,363,goosefoot (sp.),mìnu nduxí,mìnû ntujchǐ,mìnu ndujchǐ,mìno,mìnù sí'ì/íí,NA
NA,papas,364,potato,tikwiti,tsikuítsi,tsikuìtsi,tìkuìtí,tìkwití,NA
NA,chilacayote,365,chilacayote squash,tìnduyú,tsintuyǔ,tsintuyù,tìndúyù,ti ndúyǔ,NA
NA,tamalayotas,NA,NA,,NA,kì'àmí,NA,NA,NA
NA,verdura,368,vegetable,yukù,yùjkù,yujkù xaxí,,,NA
NA,tuna,369,prickly pear,chìki,chikí,chikí,chìkí,chǐki,NA
NA,guayaba,370,guava,tikwàá ndikí,tsìkuàjǎ ntsíjkí,tsìkuàjǎ ntsíjkí,tikuaá ndíkí,tikwaa ndíkí,NA
NA,débil,371,weak,vita,víjtâ,vijtá,kuitá,kwíta,NA
NA,hoja de maíz/joloche/totomoxtle,372,corn husk,yàmá,ñàjmǎ,ñàjmǎ,ñàmà,ñàmǎ,NA
NA,tusa/seda de maíz,373,corn silk,vixí,,,,yuxí ndixî,NA
NA,arado,374,plow,yàtá,xùtu,yàtá,yàtà,yàtǎ,NA
NA,ojo,375,eye,tí nùún,tsinùjǔ,tsinǔn,,nduchí nùún,NA
NA,ojo,376,eye,nduchí nùún,ntujchǐ  nùjǔ,ntuchí nǔu,nduchí nóó,NA,NA
NA,corazón,377,heart,nímà,{anìma},anìma,nímà,ánâ,NA
NA,cabeza,379,head,xìní,xijnǐ,xijnǐ,xìnì,xìnǐ,NA
NA,lado,380,side,xìnta,xijǐn,xijǐn,táví,xîí,NA
NA,cinturón,381,belt,iín tokó,ijǐn chìxǐn,ijǐn chìxìn,nií tìsi,síntsû,NA
NA,zapato,382,shoe,ndìxán,nchixǎn,nchixǎn,ndìsà,NA,NA
NA,sudor,383,sweat,tyìín,tsijǐn,tsijǐn,tièèn,NA,NA
NA,saliva,384,saliva,tásìì,tsìtsí'vì,tsìtsí'vì,tìjì'í,NA,NA
NA,señora,385,lady,nana,náně,naně,ná sáno,NA,NA
,,,,,,,,,
NA,anciano/viejo (general),389,elder,"yatá,chêe",yajtá,yajtá  la'nù,tì yatá,NA,NA
NA,puerta,391,door,yé'é,yé'e,yiyé'e,yu yéé,NA,NA
NA,puerta,392,door,NA,yuyé'e,yuyé'e,tó yéé,NA,NA
NA,gripa,393,cold (illness),sàí,sayí,sayìì,jàyi,NA,NA
NA,bravo,394,aggressive,kwe'è,kuè'è,kuè'e  yukù,kuè'è,NA,NA
NA,jarra,395,pitcher,tìndo'o,tsinto'ǒ,tsinto'ǒ,tindòò,NA,NA
NA,sombrero,396,hat,xiní,ixìjnǐ,ixìjnǐ,xínì,xínǐ,NA
NA,vacío,397,empty,kòa,kòó,ña ùn,,NA,NA
NA,mañana,399,tomorrow,taàn,itsiaàn,itsiaàn,tià'àn,NA,NA
NA,carrizo,400,reed,tyì'ó,tiòjǒ,tiòjǒ,,NA,NA
NA,totopo,401,tortilla chip,lakwán,tsìkasùn,tsìkasùn,,NA,NA
NA,picada,402,NA,xa'ntá,xa'ntsiǎ xa'ân,xan'tsiǎ  xa'ân,,NA,NA
NA,memela,403,thick tortilla,xa'ntá nduchí,xa'ntsiǎ ntúchí,xan'tsiǎ  ntúchí,,NA,NA
NA,totopo de maiz nuevo,404,NA,lakwán ndixín,ijkîn,tzìkasùn nchíxì,,NA,NA
NA,semilla de frutas,405,fruit seed,si'và,ntùjǔ,si'và,,NA,NA
NA,semillas(pequenitas) de frutas o verduras,NA,NA,ndikí,NA,ntsikîn,NA,NA,NA
NA,tipo de bayas (que tipo de baya es el que tienes GM)?,406,NA,NA,tsìsijvǐ,tsìsivǐ,,NA,NA
NA,tronco,407,trunk,ndu'ú,ntu'ǔ,ntu'ǔ,,NA,NA
NA,vete,408,go!,kwa'an,kuá'an,kuá'an,,NA,NA
NA,canas,409,gray hairs,vìxin,vìxi,vìxí,,vìxi,NA
NA,piña,410,pineapple,vixín,vixǐ,vixǐ,vìsì,vitsǐ,NA
NA,"corre a traerlo (command for dogs) (onomat.) (sick 'em, fetch)",411,dog command,úskù,úskù,úskù,,NA,NA
NA,necesario,413,necesary,xiñú'un,xiñù'u,xini ñu'un,,NA,NA
NA,siempre,414,always,ní tiempo,míí saa,sákuva,,NA,NA
NA,siempre,415,always,ní tiempo,míí saa kuu va,míí saa kuva,,NA,NA
NA,todos los días,416,every day,viti taàn,ntsikuù kijǐ,ntsikuù kijǐ,,NA,NA
NA,todo,417,all,ndikúva,ntsi'i,ntsi kú,,NA,NA
NA,mayor (older),418,older,chêe,ká'nu,nà ná'nu,,NA,NA
NA,igual / parejo,419,the same,iin nùún,inuú,ínuú,,NA,NA
NA,igual,420,the same,iin nùún,,iin nuu kuva,,,NA
NA,pollitos,421,ckicks,ndyuxí válí,nchuxí válí,nchuxí lo'o,,chùún kwáchi,NA
NA,guajolotito,422,turkey chick,tyùún válí,kolo válí,kolo lo'o,,píí,NA
NA,toro,423,bull,sindìkí,tsíntsìjkì,tsìntsikì,,stìkǐ  (íí),NA
NA,burro,424,donkey,burru,[burru],burru,,lúrrú,NA
NA,chimuelo,425,gap-toothed,la'va,lá'vá,kòo nù'on,,NA,NA
NA,moco,426,mucous,la'la,la'la,la'la,,NA,NA
NA,mojado,427,wet,ndàxin,làpa,ndaxìn,,NA,NA
NA,duro (es algo duro de quebrar como hueso),428,NA,te'e,láxán,tsǐ'e,,NA,NA
NA,abdomen,429,abdomen,tìxin,nchìxin,tsì'ǐ,,NA,NA
NA,flaco,430,skinny,lakwan,leke,lakuan,,NA,NA
NA,tortilla pequeña,431,small tortilla,vìlá,lulu,xìta vali,,NA,NA
NA,bolsa de semillas,432,seed bag,leka,leka,lěkâ,,NA,NA
NA,tamal,433,tamale,tìkôó,sijvǐ,tsìkojǒ,,NA,NA
NA,tipo de pájaro,434,type of bird,NA,xǐli,xǐli,,NA,NA
NA,silbato,435,whistle,tí tivi,víli,víli,,NA,NA
NA,tamal,436,tamale,tìkôó,tsìkojǒ,sijvǐ,,NA,NA
NA,tipo de pájaros,437,type of bird,NA,likì,líkì,,NA,NA
NA,tipo de pájaros,438,type of bird,NA,líkô,lijkó,,NA,NA
NA,dios,439,god,{ndyóxì},{nchióxì},nchióxì,,NA,NA
NA,sarampión,440,measles,ndi'i valí,lompe,ntsì'i kuachi,,ndi'i kwachi,NA
NA,Coicoyán de las Flores,441,Coicoyán de las Flores,Kiaa,lompa,Kiaà,,NA,NA
NA,moteado,442,spotted,lona,lonà,lònà,,NA,NA
NA,Oaxaca,443,Oaxaca,ñuun ndùva,Nùntovà,Nàndovà,,NA,NA
NA,tipo de chapulín,444,type of grasshopper,tìka,tsikâ lúchí,tsǐjka,,NA,NA
NA,naranja,445,orange,tìkwaá,tsìkuàjǎ,tsìkuàjǎ,tikuaá,NA,NA
NA,corto,446,short,lúntú,lúntú,kuítsi,,lantu,NA
NA,Tecomaxtlahuaca,447,Tecomaxtlahuaca,Siá'à,Siá'ǎ,Siá'ǎ,,NA,NA
NA,sobrino/sobrina,448,"nephew, niece",xàxìn,sàxín,saxìn,,NA,NA
NA,Guerrero,449,Guerrero,ñuu kwàchi,Ìjtsia Ntsia'yì,Chatun,,NA,NA
NA,Puebla,450,Puebla,Tàndyôó,Ìjtsia Ntsio'ô,ìjtsia Ntsio'ô,,NA,NA
NA,qué significa?,451,NA,NA,ñumí,,,NA,NA
NA,úvula,452,uvula,sàmà,làjla,luntu sùkǔn,,NA,NA
NA,soldado,453,soldier,lápa,lapa,to'ò / lapa,,NA,NA
NA,sentado,454,sitting,ndu'ù,íntu'ǔ,íntu'ǔ,,NA,NA
NA,acostado,455,lying down,nduva,kántu'ǔ,kantu'ǔ,,NA,NA
NA,vómito,456,vomit,ndùxan,xùxàn,nduxǎn,,NA,NA
NA,cerveza,457,beer,ndixí,nchixî ,nchixì,,NA,NA
NA,tipo de espiritu,458,type of spirit,anima,ñu'ú,anìmà,,NA,NA
NA,tipo de espiritu,459,type of spirit,NA,náyujkú,NA,,NA,NA
NA,personas,460,people,nà yùví,nàyùjkù,nà nyìvi,nà yívi,NA,NA
NA,paralizado,461,paralyzed,kùtuùn,xíníí,ku tùùn,,NA,NA
NA,Coicoyán de las Flores,462,Coicoyán de las Flores,Kwian,Kiaà,NA,,NA,NA
NA,Petlacala,463,Petlacala,Chatun,Chǎtun ká'nu,,,NA,NA
NA,red (bolsa),464,mesh bag,NA,yàjti,ñà tsiìn tsàaka,,NA,NA
NA,malo/tramposo,465,NA,sndavi,chi'ña,maña,,NA,NA
NA,vaso,466,glass,[vaso],yaxǐn,,,NA,NA
NA,vaso de plástico,467,platic cup,yaxín ndyakà,yaxǐn ntsiàkà,vaso ntsà'ka,,NA,NA
NA,plástico,468,plastic,tutu,ntsiàkà,ntsà'ka,,NA,NA
NA,temporada de lluvias,469,rainy season,tiempo sàví,sáví,tiempo sáví,,NA,NA
NA,condición de sequía y pobreza extrema,470,drought,tiempo i'chi,tajmǎ ,tiempo íchì,,NA,NA
NA,lugar plano en el campo,471,flat field,ta'ma,ta'mà,nùú ntàà,,NA,NA
NA,hay algo adentro,472,be inside,ñu'un,ñú'u,ñú'un,,NA,NA
NA,neblina,473,fog,viko nuú,vìjkònú'ú,vìko nú'ú,,NA,NA
NA,qué significa?,474,NA,NA,vìjkǒnú'ú,,,NA,NA
NA,tallo de maíz,475,dry corn stalk,ndí'ò,ntió'o,ndió'o,,NA,NA
NA,milpa en el tiempo de pastoreo,476,NA,,ñàjmǎ,tyamá,,NA,NA
NA,mosquito,477,gnat?,ndyáá,tsikún,ndaá íxí,,NA,NA
NA,vestido,478,dress,tyòto níi,xìyò,xǐyo,,NA,NA
NA,amante,479,lover,tanìn,tsiàñì,tsiànì,,NA,NA
NA,hierbabuena,480,mint,mìnu sndikí,mìnû ntsiajyǐ,mǐnu ntsiajyǐ,,NA,NA
NA,lago,481,lake,minìn,mìnî,mǐnî,,NA,NA
NA,elote tierno,482,baby corn,isá,ìjsǎ,nchìxǐ ché'é,íjà,ìsà,NA
NA,codo,483,elbow,kóntó nda'a,ko'nto nta'ǎ,kòndò nda'ǎ,kòntò ndáà,NA,NA
NA,rodilla,484,knee,kònto,kòntò,kòndò xa'ǎ,kòntò sáà,NA,NA
NA,hombro,485,shoulder,sòkò,sòjkò,sòjkò,jòkò,NA,NA
NA,dedo,486,finger,luku nda'á,ntujkû nta'ǎ,nda'ǎ lo'o,ndatító,NA,NA
NA,dedo pulgar,487,thumb,luku nda'á ka'nu,nta'ǎ ká'nu,xìjnǐ nda'ǎ,,NA,NA
NA,cadera,488,hip,tè'e kaá,ka'ǎ,ka'ǎ,,NA,NA
NA,bote de basura,489,garbage can,oti kwayo,kǎà xè'è,ña'án kéje xè'è,,NA,NA
NA,cáscara/cobija,490,"shell, cover",sòó,sòjǒ,sòjǒ,jo'ò,sòó,NA
NA,cobija,491,blanket,tìkàchí,chìkachǐ,chìkachǐ,,NA,NA
NA,diablo,492,devil,tiñá/timi'án,tsìjmiǎ,tsìjmiǎ,tíivì,tàchǐ,NA
,,,,,,,,,
NA,guanábana,495,soursop,ndokó linko,,,,NA,NA
NA,caldo,496,soup,tya'á kúxi,ntsiajyǐ,ntsiajyǐ,,NA,NA
NA,mole,497,mole,ndaí va'a,ndziajyǐ o'va,ntsiajyǐ o'va,ndyáyì,NA,NA
NA,mosca,498,fly,ndigama,tsìkamá,nda'ǎ ixí,,NA,NA
NA,mayate,499,type of beetle,chinduú,,tsìsùn,,NA,NA
NA,abejorro,500,bumblebee,tisún ,ntuù,tsìmijǐ,,NA,NA
NA,clase de abeja,502,type of bee,tisún ndya'na,,,,NA,NA
NA,lombriz de pansa,504,intestinal worm,tìndakú,tsìntaku,tsìndakú,,NA,NA
NA,lombriz de agua,505,water worm,tikùxí kàà,tsikúxi,tsìkuxí tsìkuǐi,,NA,NA
NA,mariquita,506,ladybug,kìnì vali,rí yivâ chíjchi,kinì valí,,NA,NA
NA,tipo de planta de frijol,507,type of bean plant,yuva chìchîn,yivâ chíjchi,,,NA,NA
NA,xumile,508,stink bug?,tya'á,tsiá'a,tsia'a ndakuà,,NA,NA
NA,hamaca,509,hammock,ti'và,,yojnǔ xikóna,,NA,NA
NA,San Miguel Grande,510,San Miguel Grande,Smyée,,,,NA,NA
NA,Buena Vista,511,Buena Vista,Ikú lo'o,,,,NA,NA
NA,Xochapa,512,Xochapa,tyàta,,,,NA,NA
NA,Sotoyá,513,Sotoyó,Tàná,,,,NA,NA
NA,Hacienda,514,Hacienda,Tundakwa,,,,NA,NA
NA,tipo de planta para comer,515,type of edible plant,yuva yà'á,yivâ yà'á,,,NA,NA
NA,quelite,516,type of edible plant,yuva tyôó,yivâ tiôó,yìva chikìtòn,,NA,NA
NA,tipo de planta para comer,517,type of edible plant,yuva tí'in,yivâ tsí'ǐn,,,NA,NA
NA,hierba mora,518,type of edible green,yuva ìtìn,yivâ ìtsìn,yìva tsi'ǐn,,NA,NA
NA,rápido,519,fast,nì'in,nì'i,kama,,NA,NA
NA,albino,520,albino,sè'e ndyóxì,sè'e {nchióxì},se'é tsìjkantsijǐ,,NA,NA
NA,ayudante,521,assistant,yùví nà chíndé,nàyivǐ ntsíntsiee,nà chíncheé,,NA,NA
NA,base electrico,522,electrical box,kája xà'á ñu'ùn,xà'ǎ ñu'ù,xà'á ñu'ùn,,NA,NA
NA,bocina,523,speaker,kàà ká'àn,[bocinà],{vosìnà},,NA,NA
NA,domingo,524,Sunday,kìví ndí'i,[domínko],{domìnkò},,NA,NA
NA,pan,525,bread,xìtá và'a,[pán],xìtǎ và'a,,NA,NA
NA,sombra,526,shade? shadow?,ndatí,ntatsí,ndatsǐ,katì,NA,NA
NA,chicle,527,gum,kǔtu,kùtú,kùjtú,,NA,NA
NA,sonaja,528,rattle,tí kañà,,ntsìkañà,,NA,NA
NA,vapor,529,steam,yòkò,yokǒ,yokǒ,yòkò,NA,NA
NA,cazuela,530,cooking pot,cha'àn,nchìxa'ǎn,chìxa'àn,,NA,NA
NA,pelo chino,531,curly hair,chinùn,ntsií,ntsii,,NA,NA
NA,medio chino (cabello),532,wavy hair,ndìkì,ntikí,lo'o ntsii,,NA,NA
NA,los muertos,533,the dead,nà ndíi,nà ntsǐì,ntsǐì,,NA,NA
NA,diluvio,534,flood,sàví nǎ'a,sàjvǐ  í'na,sàjvǐ í'na,,NA,NA
NA,granizo,535,hail,íín,íín,íín,,íín,NA
NA,aguacero,536,downpour,nì'in kúún sàví,nì'i kúun sàjvǐ,sàjvǐ ntseé,,NA,NA
NA,llovizna,537,drizzle,kúún yáá,sàjvǐ yáá,sàjvǐ yáá,,NA,NA
NA,cantinero,538,bartender,nà xíkó ndixi,rà ixiko nchixî,rà ìxìkó kántinà,,NA,NA
NA,curtidor,539,tanner,nà kíxa ndúví kùñun,rà xa'ntsiaà koñû,,,NA,NA
NA,zapatero,540,shoemaker,nà sndá'a ndìxan,rà ixiko nchìxǎn,rà kasa'à nchìxǎn,,NA,NA
NA,preso,541,prisoner,nà ndgáà ve'e kàà,rà níka ve'e kǎà,rà nákà ve'e kǎa,,NA,NA
NA,fiel,542,faithful,kandíxa,,,,NA,NA
NA,arrugado,543,wrinkled,ku chìian,kùù chiña,"tsia'ni, ntsii",,NA,NA
NA,enchufe,544,outlet,nùún vàxi ñu'ùn,nùú vaxì ñu'ù,xa'ǎ ñu'ù,,NA,NA
NA,padrino,545,godfather,yuvá ñu'un,yìva ñu'ú,yivá ñu'ú,,NA,NA
NA,madrina,546,godmother,syu'ùn,siu'ún,sio'ǔn,,NA,NA
NA,cojo,547,lame,rènkò,lenko,lenkò,,NA,NA
NA,sordo,548,deaf,so'o,só'o,só'o,,NA,NA
NA,suficiente,549,sufficent,vàtù saá,vatu saá,ìyoo kuà'ǎ,,NA,NA
NA,ciego,550,blind,kwáa,kuáa,kuáa,,kwáa,NA
NA,enflacar,551,NA,ku lakwan,,,,NA,NA
NA,personas no bautizadas,552,unbaptized,na taá kuchi,tsiómǐ,tsiómǐ,,NA,NA
NA,constelación (bota),553,constellation,tkìmi,yàjtǎ,yàjtǎ,,NA,NA
NA,cobarde,554,coward,ìyo,íjyo,ntsì ìjyo,yusára,NA,NA
NA,cobardía,555,cowardice,ìyo,íjyo,,yusá,NA,NA
NA,malvado,556,evil,kini,kini,kini,,NA,NA
NA,luna llena,557,full moon,yóoó níí,yòjǒ niì,yòjǒ níì,,NA,NA
NA,media luna,558,half moon,sava yóo᷄,yòjǒ ñá'ñu,yòjǒ ñá'ñu,,NA,NA
NA,hacerse media luna,559,NA,yóo᷄ ya'ñu,yòjǒ ñáñu,,,NA,NA
NA,hojas secas de árboles,560,dry leaves,yukù nda'á itú íchi,vìxǐn,vìxǐn,,NA,NA
NA,café (color),561,brown,yá'a,yá'a,yá'a,[cafê],NA,NA
NA,rebelde,562,rebel,yuku,yukú,yukú,,NA,NA
NA,ojo de agua,563,spring,mìni,,xà'ntu,mìni,mìni,NA
NA,contagio,564,NA,kwe'è xíkun,kì'in kue'e,,,NA,NA
NA,robo (n.),565,theft,kwi'na,kuí'ná,kuí'ná,,NA,NA
NA,izquierda,566,left (side),nda'á iti,ítsin,xiyo  ítsîn,,NA,NA
NA,derecha,567,right (side),nda'á kwá'a,nta'ǎ kuá'a,xiyo  kuá'a,,NA,NA
NA,al fondo del agua ,568,underwater,tìxìn màán tìkwíi,chìxin tsìkwǐi,,,NA,NA
NA,temblar repetidamente,569,NA,tuku tuku tâan,tótóò tájan,,,NA,NA
NA,picoso,571,spicy hot,yàtù,xàjtù,xàjtù,,NA,NA
NA,calor,572,hot,i'ní,"í'ní, xìí'ní, kuí'ní",i'ní,,NA,NA
NA,temperatura (fiebre),573,fever,ka'ní,ká'nǐ,ká'nǐ,,NA,NA
NA,guerra,574,war,x,kuàjchi,kuàchi,,NA,NA
NA,amarillarse,575,NA,kukwáan,kuukuáan,,,NA,NA
NA,intelligente,576,intelligent,va'a xìní,và'a  xìní,và'a xìní,,NA,NA
NA,estar alegre,577,be happy,kusìí ini,sijǐ,kuátsiá,jìì inì,NA,NA
NA,disparejo,578,uneven,koó nùun,ínùú,ínùú,,NA,NA
NA,ruido,579,noise,ká'a,,ñáñà,,NA,NA
NA,estrella que sale temprano,580,morning star,kìmi,kìmî,kǐmî,,NA,NA
NA,buho/tecolote,581,owl,nùún ko'ò,kuntujtû,tsiomǐ,tìñómì,chumí,NA
NA,gallina ciega,582,type of worm,tisa'mà,tsìsajmǎ,tsìmásǎ,,NA,NA
NA,oruga,583,caterpillar,tixáa,tsìxaà,tsìsě'e nùjǔn,,NA,NA
NA,corteza de árbol,584,tree bark,ndàkwa,ntajkuà,ntajkuà,,NA,NA
NA,costilla,585,rib,kandíka,ntsìjkâ,kíntsíka / ikí ntsíka,,NA,NA
NA,paja de milpa,586,corn straw,ndáyo'òn,,ndió'o,,NA,NA
NA,muchacho,587,boy,tà kwâán,kuajǎn,rà lo'o,,NA,NA
NA,plano,588,flat,ndaà,ntàà,ínuún,ndàà,ndaà,NA
NA,plano,589,flat,ndaà,,ntàà,ndiví,NA,NA
NA,almuerzo,590,lunch,kuxá'ñu,xa'ñu,kuxá'ñu,,NA,NA
NA,persona que hablan español y no una lengua indígena,591,spanish speakers,sa'án,,nà sá'án,,NA,NA
NA,palma,592,palm (of hand),ñùún,ñùjǔ,ñòjǔn,ñò'ò,ñùún,ñuù
NA,esférico/bola,593,round,tikwìta,tsikátsia,tsikátsia,,tílúú,NA
NA,precio,594,price,ya'vi,yá'vi,yà'vi,,NA,NA
NA,lucero,596,"Venus, morning star",tkìmi,kìmi,kǐmî,,NA,NA
NA,parientes/familiares,597,relatives,ta'án,ta'án,tá'àn,,ta'án,NA
NA,hembra,598,female,sí'i,si'í,si'ì,,sí'ì,NA
NA,hojas de mazorca,599,corn leaves,yàma,ñajmǎ,ñajmǎ,,ñàma,NA
NA,resequedad,600,NA,ndùvà,ntòva,ntòva,,ndua,NA
NA,forzosamente,601,forcefully,ndúxán,ntúxǎ  ,ntuxǎ,,ndûtsà,NA
NA,barejoncito ?,602,twig,xe'è,xè'è válí,nduku tsié'e,,tì tse'e,NA
NA,claro,603,clear,nduxa,ntuxa,nduxa,,NA,NA
NA,tipo de pájaro (que sale temprano),604,species of bird,NA,tsiomǐ,,,NA,NA
NA,guamuchil,605,Madras thorn tree,chikún,chíkun,chikun,,NA,NA
NA,lunar,606,mole (on skin),chikún,chíkun,chikun,,NA,NA
NA,Español,607,Spanish,Tù'un Sa'án,Tù'un Sá'án,Tò'on Sá'án,,NA,NA
NA,México,608,Mexico,ñuun kó'yo,Ìkǒyo,Íkǒyo,,NA,NA
NA,Estados Unidos,609,United States of America,inka xiyo,Íjkanxiyo,íinka xiyo,,NA,NA
NA,fuerza,611,strength,ndakú,ntsiejě,ntsiejě,,NA,NA
NA,nuera,612,granddaughter,xànu,xánu,xǎnu,,NA,NA
NA,qué significa?,613,NA,NA,chìnaka,,,NA,NA
NA,fantasma,614,ghost,nímà,í'nan,í'na,íná,NA,NA
NA,planta de frijol,615,bean plant,yuva chìchi,yivâ chÍjchi,yivâ chíjchi,,NA,NA
NA,red de pescar,616,fishing net,yúnú,ñujñǔ,yojnǒ,,NA,NA
NA,Paredón,617,Paredón,Nàmà,Nàmà,nàmà,,NA,NA
NA,Escopeta,618,Escopeta,tùxíìn,Ìjtsia Tuxǐi,Ìjtsia tuxǐi,,NA,NA
NA,Ahuejutla,619,Ahuejutla,Ráncho,[Ráncho],rancho,,NA,NA
NA,San Miguel/cúal S.M?,620,NA,Samiyé,Ìjtsia ìvì,,,NA,NA
,,,,,,,,,
NA,poseido,622,owned (private?),ñà ù'vì tiin ñá'a,,ña yukú,,í'na,NA
NA,el malo,623,evil,ñà ù'vì,nà kini,,,NA,NA
NA,cuija,624,gecko,melá,lá'lo,,,NA,NA
NA,enfermedad de ojo de pescado,625,fish eye illness,ko'nto xa'á,nùjǔ tsiàká,,,NA,NA
NA,verruga,626,wart,chìntu,tsìkoná,tsìkǒna,,NA,NA
NA,hijastro,627,step-daughter,se'è ndávi,se'e kiîn,sè'e kìín,,se'e kě'en,NA
NA,sobrino,628,nephew,xàxìn,sàxin,sàxìn,,NA,NA
NA,chepil,629,edible leafy green,nduva ndùsu,ntòva ntùsu,ntòvà ntùsú,,NA,NA
NA,huitlacoche,630,corn smut,nùni sàví,tsikàma lítsin,tsìvako,,NA,NA
NA,topo,631,mole (animal),tyú'un,,,,NA,NA
NA,suegro/a,632,parent-in-law,sìso,sìso,sìso,,NA,NA
NA,jícama,633,jicama,chicàma,xikama,xìkáma,,NA,NA
NA,sábila,634,aloe,yaví,yájvi,yaví tátán,,NA,NA
NA,trementina de ocote ,635,pine pitch,xùxa itú,ijtsǐ,xùxà,,NA,NA
NA,yuca,636,cassava,yà'mi itú,,ñá'mi ntàkuà,,NA,NA
NA,floripondio,637,angel's trumpet,ita ndòsó,,ijtâ ntòsó,,NA,NA
NA,cera del oído,638,earwax,yùmá so'o,yùma,ñùmà,,NA,NA
NA,marijuana,639,marijuana,kùnú,yùku,,yùkù chijón,yùkù,NA
,,,,,,,,,
NA,cacahuate,641,peanut,si'va ñu'un,si'và ñù'u,si'và ñù'ǔ,,NA,NA
NA,chile de árbol seco,642,dried chili de árbol,ya'á luku,ya'ǎ tsié'e,ya'ǎ tsié'e,,NA,NA
NA,chile de guajillo,643,guajillo chili,ya'á kwá'a,ya'ǎ í'chìn ñà chátun,,,NA,NA
NA,chile ancho,644,chili ancho,ya'á tùún,ya'ǎ ntsiajyǐ ó'va rà kuá'a,ya'ǎ tsìì,,NA,NA
NA,chile amarillo,645,chili amarillo,ya'á kwáan,ya'ǎ kuáan,ya'ǎ kuáan,,NA,NA
NA,chile jalapeño,646,jalapeño chili,ya'á kwi'í,ya'ǎ kuijǐ ká'nu,ya'ǎ kuijǐ,,NA,NA
NA,milpa que sale detras de otro,647,NA,isá,ìsa sítìn,ìsa sítsìn,,NA,NA
NA,chile costeño,648,chili costeño,ya'á kwáan,ya'ǎ ntsiajyǐ kuií,ya'ǎ ìchí,,NA,NA
NA,bigote,649,mustache,i'xin yu'ú,ixǐ yú'ǔ,ixǐ  yú'ǔ,ixí yu'ù,ixǐ yu'ú,NA
NA,PREGUNTAR GRISELDA LOS NOMBRES EN ESPAÑOL,650,NA,,yivâ kaa,NA,,NA,NA
NA,qué significa?,651,NA,,yivâ yó'o,NA,,NA,NA
NA,qué significa?,652,NA,,yivâ ìxín,NA,,NA,NA
NA,qué significa?,653,NA,,yivâ yá'a ntsikǐ,NA,,NA,NA
NA,qué significa?,654,NA,,yivâ yá'a tsié'e,NA,,NA,NA
NA,guia de calabaza,655,squash vine,yuva nda'á nde'è,yivâ tsiè'e,tsiè'e ikǐn,,NA,NA
NA,puerco espin,656,porcupine,kìnì ikú,tsìta ijñǔ,tsìta ijñǔ,,tsóko yukǔ,NA
NA,codorniz,657,quail,nùú kwá'a,káñu'u,kàñu'ú,kuáa,NA,NA
NA,guilota,658,morning dove,ndyǔ,ntsiujǔ,ntsiujǔ,ndìyúù,nchuùu,NA
NA,piojo blanco/ácaro,659,white louse,ndikúxin,tsìkúxìn,tsìkúxin,,NA,NA
NA,liendre,660,nit,tya'ví o ikin,tsiá'vi,tsia'ví,tìyáví,chavǐ,NA
NA,cuarenta,661,forty,uvì xiko,ìvì xiko,ìvì xíkó,ìvì xiko,ùvì xiko,NA
NA,comadre a compadre,662,co-mother to co-father,mvà,,mpáá,{mpáàlí},mpáà,NA
NA,qué significa?,663,NA,,yivâ ixǐn,,,NA,NA
NA,flor de maguey / gualumbos,664,maguey flower,tatù,tàjtǔ,tàjtǔ,tòyùtí,NA,NA
NA,pita/fruta de maguey/semilla de maguey,665,maguey seed,linko,linko,linko,,NA,NA
NA,qué significa?,666,NA,,yivâ li'ntsi,NA,,NA,NA
NA,mariposa,667,butterfly,tìkìva,tsìkiva,tsìkiva,,NA,NA
NA,zenzontle,668,mockingbird,sakàndùu,,,,NA,NA
NA,pantorrilla,669,calf,xa'á te'é,sà'nta,sà'nta,,sà'nda,NA
NA,tobillo,670,ankle,sùkú xa'á,sojkǔn xà'ǎ,sojkǔn xà'ǎ,,NA,NA
NA,talón,671,heel,si'ìn xa'á,sì'in xà'ǎ,sì'ntsì xà'ǎ,,NA,NA
NA,cinturón de soporte (para mujer),672,waist belt,vàtù,yutù,yutù,,tani,NA
NA,xato (postre de tortilla triangular),673,NA,xàtú,xàtún,xatú,,NA,NA
NA,Coicoyán de los Flores,674,Coicoyán,kiaà,NA,NA,,NA,NA
NA,Silacayoapam,675,Silacayoapan,induyi,Íntuyǔ ,íntuyǔ,,NA,NA
NA,Juxtlahuaca,676,Juxtlahuaca,Skwíya,sikuiyá,skuiyà,yojo kuiya,NA,NA
NA,mosca de la fruta,677,fruitfly,tii iyá,,tsìkún tóò,ndìtò'o,nditóò,NA
,,,,,,,,,
NA,sarampión ,679,measles,ndì'i valí,ntsì'i valí,ntsì'i kuachì,,NA,NA
NA,cangrena,680,gangrene,tìndóò,,tsìntójo,,NA,NA
NA,esófago,681,esophagus,sàtá xá'a,sàjtǎ xa'ân,kìì yojǒ,,NA,NA
NA,vesicula biliar,682,NA,ta kàvá,,rá kavà,,NA,NA
NA,estria,683,NA,táyoko,,,,NA,NA
NA,riñón,684,kidney,ndùchí,,ntujchǐ,,NA,NA
NA,hígado,685,liver,yà'mà,,sàjtǎ xa'ân,,NA,NA
NA,páncreas,686,pancreas,kàà,,yácha,,NA,NA
,,,,,,,,,
NA,intestino grueso,688,large intestine,siti ndeé tìxin,,xíjtsi ntsiě,,NA,NA
NA,apéndice,689,appendix,siti yùú,,,,NA,NA
NA,labio,691,lip,yu'ú,yù'ù,yù'ù,,NA,NA
NA,vejiga,692,bladder,íxaxa,,ye'è,,NA,NA
NA,pulmón,693,lung,ya'mà,,,,NA,NA
NA,pelvis,694,pelvis,ikín ka'á,,ikín ka'à,,NA,NA
NA,NA,NA,NA,NA,,NA,,NA,NA
NA,estrenimiento,696,constipation,tiǐn tìxin,,ku tsia'tsia,,NA,NA
NA,vena varicosa,697,varicose veins,tùchi kwíǐ,,,,NA,NA
NA,obesidad,698,obesity,kwe'è ká'nu,,lintsî,,NA,NA
NA,tartamudeo,699,stuttering,la ìn'ìn,tsiàtsià,ku tsía'tsía,,NA,NA
NA,bocio,700,goiter,ndúsu,ntùsǔ,ntùsǔ,,NA,NA
NA,gastritis,701,gas,ta ká'un tixìn,NA,kaná ñu'ǔ ini,,NA,NA
NA,empacho,702,indigestion,ndaa tàchí tìxin,NA,ndunì'in ini,,NA,NA
NA,reuma,703,rheumatism,tá'via,NA,tà'vǐ,,NA,NA
NA,labio leporino,704,cleft lip,yu'ú leso,NA,yu'ǔ leso,,NA,NA
NA,flema amarilla,705,yellow phlegm,la'la kwáan,NA,sayií kuáan,,NA,NA
NA,mal aliento,706,bad breath,xa'àn yu'ú,xá'àn  yu'ǔ,xa'an yu'u,,NA,NA
NA,diarrea,707,diarrhea,kuu tìxin,NA,kúun chìxìn,,NA,NA
NA,embolia,708,stroke,ndaaxìtá iínna,NA,ña náxìta ñá'an,,NA,NA
NA,retorcijones,709,NA,ndaaxìtáya tixìn,NA,ña tsíin chìxìn,,NA,NA
NA,bochorno,710,scorcher,ndaa ka'nína,NA,ñà sakònì vìxin ña'á,,NA,NA
NA,maldición,711,curse,kwe'é yu'ú,NA,chikà ì'vì inìe ñà nto'ona,,NA,NA
NA,angina,712,sore throat,konto sùku,NA,,,NA,NA
NA,zumbido en el oído,713,buzzing in ears,ka'a so'o,ka ká'àn sò'o,kàa ká'á sò'o,,NA,NA
NA,joroba,714,hunchback,ko'nto sàtá,ko'nto sàjtǎ,tsì'ǐ,,NA,NA
NA,sarna,715,mange,lakata,ntsikátǎ,tsikátǎ,,NA,NA
NA,osteoporosis,716,osteoporosis,kwe'è ikín,,,,NA,NA
NA,infarto,717,heart attack,xi'ì í'in,xí'in í'in,xì'ì í'í,,NA,NA
NA,vela,718,candle,ití ,i'tsǐn,itsǐ,,NA,NA
NA,mano de metate,721,handstone for grinding,nda'á yòso,nta'ǎ yòsó,ntà'ǎ yòsó,,NA,NA
NA,temazcal,722,sweat bath,ìn'ì,ì'ìn,i'ìn,,NA,NA
NA,mazorca,723,dried ear of corn,nií,nijǐ,nijǐ,,NA,NA
NA,familia,725,family,tá'an,nà ve'e,nàve'e,,NA,NA
NA,año pasado,728,last year,kwi'yà ava,àvà,áva,,NA,NA
NA,machete,729,machete,yùchìn,yuchì,xànì,,NA,NA
NA,metlapil,730,NA,nda'á yòso,nta'ǎ yòsó,nta'ǎ yòsó,,NA,NA
NA,derecho,731,straight,ndǎku,ntǎku,ntǎku,,NA,NA
NA,frondoso,732,lush,kó'ò,kó'ò,kó'ò,,NA,NA
NA,escarcha,733,frost,kaxin,kaxin,yi'và,,NA,NA
NA,toro,734,bull,sindìkí,chèje,tsìntsikì,,NA,NA
NA,broma,735,joke,sìki,sǐkì,sǐkì,,NA,NA
NA,arete,736,earring,sìkìn so'o,sìkì,sijkì,,NA,NA
NA,hambre,737,hunger,sòko,sokô,kójkun,,NA,NA
NA,escalón,738,step,kwà'to,kuatò,kuatò,,NA,NA
NA,piña de ocote,740,pinecone,chinkì,,ntsǐka tùxá,,NA,NA
NA,chintete,741,type of lizard,melá nà'ña,nàjña,kojǒ xijnǐ kǎvà,nañà,NA,NA
NA,lagarto,742,cayman,melá ká'nu,,là'lò,koíchi,NA,NA
NA,lagartija tipo culebra,743,caimán,mela kòó,kòjǒ nta'ǎ,,kólà,NA,NA
NA,barro,744,clay,ñu'ún kixín,ñu'ǔ kixǐ,ñu'ǔn kìxǐn,ñoò kíxí,NA,NA
NA,gorgojo,745,weevil,tikìxín,ntsíí sí'vi,tsikìxǐn,tìkixì nònì,NA,NA
NA,pegajoso,746,sticky,kixín,kìxín,kixin,kixí,kixí,NA
NA,chinche,747,NA,tyà'á,tsiá'a,,tìya'á,NA,NA
NA,cuervo,748,crow,sàta,saà ntsiáá,saà ntsìǎ,,NA,NA
NA,vómito,749,vomit,ndùxàn,ntùxan,ntuxàn,,NA,NA
NA,bellotas,750,NA,tindika,chìnki,chì'nkì,,NA,NA
NA,tierno,751,sticky,ìtàá,íjtsiá,itsǐa,,NA,NA
NA,campana,752,bell,kàà ká'a,kàà,kàà ka'a,,NA,NA
NA,claramente,753,clearly,nduxan,káxin,ntúxá,,NA,NA
NA,limpio,754,clean,vií,vìjǐ,ntúxá,,NA,vií
NA,hondo,755,deep,kunu,kònò,kònò,,NA,NA
NA,San Jerónimo Progreso,756,San Jerónimo Progreso,Xindóko,Siókò,Siávì,,NA,NA
NA,San Andrés Montaña,757,San Andrés Montaña,,Siávi,Siǒkò,,NA,NA
NA,San Miguel Aguacates,758,San Miguel Aguacates,,yijǐ yá'a,yìvì yǎ'a,,NA,NA
NA,Santiago del Río,759,Santiago del Río,,Ìjtsia Nùjǔ Yà'vi,ìtsia nùjǔn yà'vi,,NA,NA
NA,San Francisco Tlapancingo,760,San Francisco Tlapancingo,Tìnda'á,Tsíntà'á,tsinta'á,,NA,NA
NA,San Marcos Natividad,761,San Marcos Natividad,Xìkityùún,Sono,,,NA,NA
NA,opresión,762,NA,ta koo taxina ka'ana o ikana ndakùa kunìnà,xìkǐ,,,NA,NA
NA,cigarro,763,cigarette,xanù,xanu,xánu,xano,NA,NA
NA,hierba santa,764,hierba santa,tùn ndóǒ,ntovà ntoj'ǒ,ntova ntojǒ,,NA,NA
NA,alaches,765,NA,yuva tioó,yivâ tiôó,yìva tiôo,,NA,NA
NA,pápalo,766,NA,yuva ndùsú,ntovà ntùsú,ntovà ntùsú,,NA,NA
NA,flór de calabaza,767,squash blossom,vàya,vayà ìkin,vǎyâ ikǐn,,NA,NA
NA,baba,768,"slime, saliva",kàní,kájnǐ,kajni,,NA,NA
NA,resbaloso,769,slimy,kaní,kaní,kání,,NA,NA
NA,rebozo,770,shawl,páñu,[páñu],paño,,NA,NA
NA,carne seca,771,dried meat,kùñu íchi,koñû íchi,koñô íchi,,NA,NA
NA,seco,772,dry,íchi,íchi,íchi,,NA,NA
NA,carne fresca,773,fresh meat,kùñu vixá,koñû vixá,koñô víxá,,NA,NA
NA,apretado,774,tight,tuun,toon,kutoòn,,NA,NA
NA,arco,775,arch? bow?,tòso,,tòso,,NA,NA
NA,jorobado,776,hunchbacked,koso,,kòso,,NA,NA
NA,enano,777,dwarf,ko'nto,,nanù,,NA,NA
NA,delicado/especial (de comer),778,picky,ñú'u,,ñú'un,,NA,NA
NA,telaraña,779,spider web,xindu'và,,xintó'va,,NA,NA
NA,mugre,780,filth,yakwà,,yàjkuà,,NA,NA
NA,chueco,781,crooked,yakwá,,tsìkàvà,,NA,NA
NA,barato,782,inexpensive,núú,,núun,,NA,NA
NA,caro,783,expensive,ncha'vi,,yá'vi,,NA,NA
NA,piña de maguey,784,maguey core,vixín yaví,,yàjvǐ,vìsì yávì,NA,NA
NA,fondo,785,NA,xìyo kúxi,,xǐyo ini,kotó màá,NA,NA
NA,medio fondo,786,NA,xìyo kúxi,,xǐyo ini,xìyo màá,NA,NA
NA,falda,787,skirt,xìyo,,xǐyo lo'o,xìyo,NA,NA
NA,expuesto corporalmente,788,NA,chanta,lampa,lampa,,NA,NA
NA,globo,789,NA,lampà,lompa,lompa,,NA,NA
NA,mal aliento,790,bad breath,xá'an yu'u,,xa'an yu'u,,NA,NA
NA,Virgin de Guadalupe,791,NA,sí'o,Sie'é,sí'yé,,NA,NA
NA,madera soporte de la casa,792,NA,si'ìn,,si'ìn,traándí,NA,NA
NA,inteligente,793,NA,nà va'a xìni,tò'va,và'a xijnǐ,,NA,NA
NA,primero,794,first,nuǔ,xíná,xí'ná,,NA,NA
NA,animal malo,795,NA,kití kini,,và'a kijtsǐ,tíkíni,NA,NA
NA,por la mañana,796,NA,ta na'a,,tá na'a,tá náà,NA,NA
NA,brotes de milpa,797,NA,bìyù,,vìi,mbìyo,NA,NA
NA,avispa negra,798,NA,tnàna/ tyana,,rí santùxìn ntsiì,,NA,NA
NA,abejas andrenas,799,NA,tìní,,ñùjñǔ,,NA,NA
NA,chocolate,800,NA,si'và chocolate,,,jìvà,NA,NA
NA,gato montés,801,bobcat,taiíñú,,chútu yuku,,NA,NA
NA,comandancia,802,NA,ve'e chíñu,kómíchiñu,ve'e choon,,NA,NA
NA,una vez,803,one time,iin ìchi,iin ijchǐ,iin ntàsǎ,,NA,NA
NA,mayoría/principalmente,804,"mostly, primarily",ndikuu,nina,ntsiku cháana,,NA,NA
NA,tequio,805,tequio (community work),tequio,,,,NA,NA
NA,pápalo,806,papalo,yúva ndùúsu,,ntòva ntùsú,,NA,NA
NA,guacamaya,807,macaw,,,lorò,,NA,NA
NA,golondrina,808,swallow,ndyuú,,ntsìxíjko,,NA,NA
NA,galón,809,gallon container,lampa,,tsiá'a,,NA,NA
NA,arador (tlazahuate),810,harvest mite,yàtá,,yàjtǎ,,NA,NA
NA,higo,811,figs,,,,,NA,NA
NA,camarón,812,shrimp,,,kamarôn,,NA,NA
NA,güey/compa,813,dude/friend,yani,ñǎ',ra và'a ni ta'an,,NA,NA
NA,azul,814,blue,ndi'i,NA,ntsí'i,NA,ncháá,NA
NA,guajolota,816,NA,tiùún sí'i,NA,tsiujǔn,NA,NA,NA
NA,cuñado (marido de hermana de uno),817,NA,tálò'o,NA,kàsánto,NA,NA,NA
,,,,,,,,,
NA,adobe,820,adobe,dò'o kwá'a,NA,ntò'o,NA,NA,NA
NA,cuñada (esposa de hermano de uno),821,sibling's wife,nálo'ò,NA,,NA,NA,NA
NA,sobrina,822,niece,xìkùn,xùkù,xùkù,NA,NA,NA
NA,ser,823,be,koo,kúu/kúú,NA,NA,NA,NA
NA,semilla de maíz,824,corn seed,nùní tata,tajtân,se'e nùjnǐ,NA,NA,NA
NA,bandeja,825,tray,xkó'ó ndikà,NA,xíkó'ó,NA,NA,NA
NA,modorro,826,NA,,NA,NA,kuchíshi / ntichíshi,NA,NA
NA,esqueleto,827,NA,leke,lekìe,la muerte,lasa kùñu,kiche'é,NA
NA,boton,828,button,ikín sa'ma,botoni,votonì,votóní,NA,NA
NA,médula ósea,829,bone marrow,liki,liki,ntsìki,NA,NA,NA
,,,,,,,,,
NA,mundo,831,world,yúví,NA,ñuù yivì,ñoyiví,ñà yívǐ,NA
NA,durazno,832,peach,ndè'e,NA,ntsie'ě,ndiàyà,nchè'ě,NA
NA,cráneo,833,cranium,leké xìní,ìjkì xijnǐ,ìjki xijnǐ,NA,ikíché'é xìnǐ,NA
NA,liebre?,834,hare,leko,NA,leso,NA,salúrrù,NA
NA,adelante/arriba,835,ahead/ontop,nùún,chíjnu,NA,NA,NA,NA
NA,diferente,836,different,síin,síin,sisiìn,NA,NA,NA
NA,"esposa, mujer",837,wife,sí'i,ísí'i,isi'ì,NA,NA,NA
NA,poquito,838,little bit,lo'o tíín,chaa,litsín,NA,NA,NA
NA,músico,839,musician,nà ská'a,NA,sáka'a,tìtìví,NA,NA
NA,araña,840,spider,tìndóò,NA,tsìnto'jǒ,tìndóò,NA,NA
NA,estudiante,841,student,rà/ ñá ská'a,NA,sákua'a,tìjákua,NA,NA
NA,nuestro cuerpo,842,our body,kùñuyó,NA,kòñèé,kòñoyó,NA,NA
NA,brazo,843,arm,da'á nii,NA,nta'ǎ nii,chìyò,NA,NA
NA,pierna,844,leg,sà'nta,NA,sì'in,jì'in,NA,NA
NA,axila,845,armpit,che'lè,NA,chìxìn xe'è,xè'è,NA,NA
NA,tobillo,846,ankle,vàvi suku xa'a,NA,sojkǔn xà'ǎ,jìkò sáà,NA,NA
NA,muñeca de la mano,847,wrist,sùkú nda'á,NA,NA,jìkò ndáà,NA,NA
NA,calavera,848,skull (when dead),leke nímà,NA,NA,yikí xíní,NA,NA
NA,libélula,849,dragonfly,tìtá'nu nùún tìkwíi,NA,NA,NA,NA,NA
NA,cereza,850,cherry,bolí,NA,ntsie'ě tòjǒn,NA,NA,NA
NA,ciruela criolla,851,NA,tìkàva,NA,NA,NA,NA,NA
NA,passiflora ligularis o granadilla,852,NA,tyoo,NA,NA,NA,NA,NA
NA,guayaba,853,NA,tkwàá ndikí,NA,NA,NA,NA,NA
NA,pitaya,854,NA,chìchi,NA,NA,NA,NA,NA
NA,luna brillante,856,NA,yôó ye'è,NA,NA,NA,NA,NA
NA,un felino que parese gato pero es salvage,857,NA,tututyá iñú,NA,NA,NA,NA,NA
NA,bostezar,858,yawn,sí'vana,NA,NA,NA,NA,NA
NA,Tecomaxtlahuaca,859,NA,Sia'à,NA,NA,NA,NA,NA
NA,loco,860,crazy,sana,NA,NA,NA,NA,NA
NA,primavera,861,spring,yó'ǒ saví,NA,NA,NA,NA,NA
NA,verano,862,summer,yó'ǒ i'ní,NA,NA,NA,NA,NA
NA,otoño,863,autumn,yó'ǒ yuúmi,NA,NA,NA,NA,NA
NA,invierno,864,winter,yó'ǒ vìxin,NA,NA,NA,NA,NA
NA,rábano regular,865,radish,ndya'mí ko'nto,NA,NA,NA,NA,NA
NA,rábano largo,866,long radish,ndya'mí nâní,NA,NA,NA,NA,NA
NA,el último hijo,867,NA,látún,NA,NA,NA,NA,NA
NA,araña,868,spider,xindù'và,NA,NA,NA,NA,NA
NA,loco,869,crazy,ki'vi,NA,NA,NA,NA,NA
NA,escoba,870,broom,ndàkù,NA,NA,NA,NA,NA
NA,hueco entre dos partes del cuerpo que se mueven,871,crack between two body parts that flex,vàvi,NA,NA,NA,NA,NA
NA,friebre,872,NA,kaní ini,NA,NA,NA,NA,NA
NA,mercado,873,NA,yàvi,NA,yà'vi,NA,NA,NA
NA,Petlacalancingo,874,NA,Chatun,NA,NA,NA,NA,NA
NA,Zitlaltepec,875,NA,Ikú Kìmì,NA,NA,NA,NA,NA
NA,Pinotepa Nacional,876,NA,Ñuun kàà,NA,NA,NA,NA,NA
NA,torpe,878,NA,luxìn,NA,NA,NA,NA,NA
NA,lima,879,lime,láxa,NA,NA,NA,NA,NA
NA,correcaminos,880,NA,ndikwíyo,NA,NA,NA,NA,NA
NA,barranca,882,NA,yùvì,NA,NA,NA,NA,NA
NA,resignarse,883,NA,kanù ini,NA,NA,NA,NA,NA
NA,picante,884,NA,xàtù,NA,NA,NA,NA,NA
NA,susurrar,885,NA,kà'àn yǎá,NA,NA,NA,NA,NA
NA,cojear,886,NA,kaka lenko,NA,xíka lenkò,NA,NA,NA
NA,gatear,887,NA,kaka ndee,NA,xíka ntsiee,NA,NA,NA
NA,ir a pie,888,NA,kaka xá'á,NA,ku'ùn xá'á,NA,NA,NA
NA,viandantes (una persona que camina a pie en una via publica),889,NA,a que se refieren con esta palabra,NA,na ku'an xa'a,NA,NA,NA
NA,parcela,890,NA,ñuú ta'vii,NA,nuu kaa ta nujun plántá,NA,NA,NA
NA,aunque,891,NA,nichaa,NA,va'anì,NA,NA,NA
NA,"raro,de vez en cuando",892,NA,tá sana ndià'a,NA,si siin na'a,NA,NA,NA
NA,de vez en cuando,893,NA,tá sana,NA,ta sava ví,NA,NA,NA
NA,suave,894,NA,vitá,NA,vita,NA,NA,NA
NA,desconfianza,895,NA,xiniyo inina yuvi'o xi'ina,NA,koo xini na yivi kiun,NA,NA,NA
NA,quien,896,NA,kúú,NA,yoo,NA,NA,NA
NA,experiencia,897,NA,xini và'ana xí'an,NA,xa ko'va xini,NA,NA,NA
NA,extrañar,898,NA,ku tátì,NA,kusuchi ini,NA,NA,NA
NA,depresion,899,NA,yoo suchi ini,NA,to'on,NA,NA,NA
NA,desigual,900,NA,kòǒ inku,NA,iindàà,NA,NA,NA
NA,simple (sin sabor),901,NA,káti,NA,ajtu,NA,NA,NA
NA,pasado pasado mañana,902,two days after tomorrow,i'ñu,NA,i'ñòó,NA,NA,NA
NA,el segundo día pasado mañana,903,three days after tomorrow,,NA,ìjkó,NA,NA,NA
NA,apariencia,904,appearance,sàví mii,ná'à,sàví mií,NA,NA,NA
NA,día festivo,905,NA,kìvi viko,NA,kìjǐ ìjǐ,NA,NA,NA
NA,barbilla,906,chin,ikín yu'ú,NA,xàa,NA,NA,NA
NA,contenido,907,NA,ña'a ñu'ún,NA,ña'à íyo inì,NA,NA,NA
NA,pronunciar,908,NA,ndàxa ka'àn,NA,xàa ka'àn,NA,NA,NA
NA,coyuntura,910,joint,vàvi,NA,ná'on,NA,NA,NA
NA,copete,911,quiff,ixin taan,NA,ijxǐ tsiáàn,NA,NA,NA
NA,frente (de la cara),912,forehead,taan,NA,tsiaàn,NA,NA,NA
NA,con razón,913,NA,ndaà va,NA,ndaà va,NA,NA,NA
NA,cierto,914,NA,ndaa kua,NA,nchixa,NA,NA,NA
NA,recientemente,915,NA,sànka,NA,sàkǎn,NA,NA,NA
NA,triste,916,NA,ndii ini,ntsi'i ini,ku ntsǐì,NA,NA,NA
NA,extrañar,917,NA,kutati,kutatsi ini,ku tàtsi,NA,NA,NA
NA,preopado,918,NA,ndi'ì ini,ntsi'i ini,ntsi'í ini,NA,NA,NA
NA,xumile,919,stink bug?,tya'á,NA,so'o,NA,NA,NA
NA,garganta?,920,throat?,kìyòǒ,kiyojo,kiyójo,NA,NA,NA
NA,tener sueño,921,sleepy,yóo ma'na,mǎ'na,mǎ'na,NA,NA,NA
NA,mojado (para los ropas),923,wet (for clothes),vixá,kó'yo,vixá,NA,NA,NA
NA,gusanos en bolsita,924,NA,,NA,tsiǎ'mà,NA,NA,NA
NA,valiente,925,NA,táí,NA,tsiayi,NA,NA,NA
NA,singular,926,singular,iin ndaà,NA,iin vixin,NA,NA,NA
NA,plural,927,plural,kuà'á,NA,kuà'ǎ,NA,NA,NA
NA,increíble,928,incredible,ndichi ndià'a,NA,nchichi,NA,NA,NA
NA,pantano,929,swamp,ndoyo,NA,NA,NA,NA,NA
NA,asco,930,disgust,káninì,NA,kinini,NA,NA,NA
NA,tarántula,931,tarantula,tindoo,NA,tsìntojǒ,NA,NA,NA
NA,tipo gusano comestible,932,edible worm pupa,NA,NA,tsìntakà,NA,NA,NA
NA,hormiga negra que come plantas,933,NA,,NA,láxan,NA,NA,NA
NA,vacilar,934,tease,kú saka,NA,kusìkun,NA,NA,NA
NA,desmadre,935,"mess, chaos",,NA,chíxín,NA,NA,NA
NA,de lado,936,sideways,xìtà,NA,nchìxin,NA,NA,NA
NA,salsamora,937,blackberry,tnañu,NA,tsìnájñǔ,NA,NA,NA
NA,simple,938,NA,kati,NA,kátsí,NA,NA,NA
NA,en la brasa (fogón),939,kitchen hearth,yàá ñu'ù,NA,NA,NA,NA,NA
NA,tijereta,940,earwig,tisì'in,NA,tsìsi'ìn,NA,NA,NA
NA,calandria dorso amarillo,941,yellow-backed oriole,,NA,yì'vi,NA,NA,NA
NA,menstruación,942,NA,nìín yòô,NA,NA,NA,NA,NA
NA,otro,943,NA,tukú,NA,NA,NA,NA,NA
NA,pildora,944,NA,tàtan luǔ,NA,NA,NA,NA,NA
NA,camaroncito,945,NA,ndiúma,NA,NA,NA,NA,NA
NA,estrecho,946,NA,táñu,NA,tsiǎñu,NA,NA,NA
NA,remendar,947,to darn,ndáxú'ún,NA,NA,NA,NA,NA
NA,joroba,948,NA,ko'nto,NA,tsì'ǐ,NA,NA,NA
NA,biceps,949,biceps,leso,NA,lèso,NA,NA,NA
NA,musculo de enfrente,950,thigh,NA,NA,kà'kǎn,NA,NA,NA
NA,favor,951,behalf,maní,NA,NA,NA,NA,NA
NA,pestaña,952,NA,ixin nùú,NA,NA,NA,NA,NA
NA,estornudo,953,NA,kaxa,NA,NA,NA,NA,NA
NA,nutricionista,954,nutritionist,nà sná'à xa kuxió,NA,NA,NA,NA,NA
NA,imedio,955,NA,mà'ñu,NA,NA,NA,NA,NA
NA,posible,956,possible,koto,NA,NA,NA,NA,NA
NA,todo,957,all,ndi'i,NA,NA,NA,NA,NA
NA,inyección,958,injection,tíku,NA,NA,NA,NA,NA
NA,ajo,959,garlic,tikùmi,NA,NA,NA,NA,NA
NA,molestia,960,NA,sindi'in,NA,NA,NA,NA,NA
NA,irritacion,961,NA,kutúmi,NA,NA,NA,NA,NA
NA,infección,962,NA,xaá,NA,NA,NA,NA,NA
NA,ahorita/momento,963,NA,tiká'a / tiká'ǎ,NA,NA,NA,NA,NA
NA,qué/quién,964,NA,nda᷆á,NA,NA,NA,NA,NA
NA,Teco,965,NA,NA,NA,NA,NA,NA,NA
NA,algo suave,966,something soft,NA,machi,NA,NA,NA,NA
NA,lloron,967,weeping,NA,lá'á,NA,NA,NA,NA
