AUTODENOMINACIÓN DE LA VARIANTE LINGÜÍSTICA Y NOMBRE EN ESPAÑOL,REFERENCIA GEOESTADÍSTICA
"
tu’un savi (de Guerrero del noreste central)
		[tũʔũ saβi]
		<mixteco de Guerrero del noreste central>
                ","
                    GUERRERO: Alcozáuca de Guerrero: Acametla de Bravo, Ahuejutla, Alcozáuca de Guerrero, Almolonga de Ocampo (Almolonga), Altamira, Amapilca, Buena Vista, Cerro Azul, Cruz Verde, Cuyuxtlahuac, Chimaltepec, El Gitano, Ixcuinatoyac, Loma Bonita, Lomazoyatl (Lomazoya), Melchor Ocampo, Petlacalancingo, Rancho El Zapote, San José Lagunas (Capulín), San Martín, San Miguel El Grande, San Miguelito, Santa Cruz Fandango, Zaragoza.
                "
"
tu’un savi (de Atlamajalcingo)
		[tũʔũ saβi]
		<mixteco de Atlamajalcingo>
                ","
                    GUERRERO: Atlamajalcingo del Monte: Álvaro Obregón, Atlamajalcingo del Monte, Cuautipan, Chinameca, Huehuetepec (Huehue), Plan de Guadalupe, San Isidro Labrador, Santa Cruz Guerrero, Tepecocatlán, Zilacayotitlán.
                "
"
tu’un savi (de Chochoapa)
		[tũʔũ saβi]
		<mixteco de Chochoapa>
                ","
                    GUERRERO: Metlatónoc: Cochoapa El Grande del General Adrián Castrejón.
                "
"
tno’on sawi
		[tnõʔõ sawi]
tu’un savi (de Coapanatoyac)
		[tũʔũ saβi]
		<mixteco de Coapanatoyac>
                ","
                    GUERRERO: Copanatoyac: Ahuacojtitla, Ahuastepec, Barranca Tecolote, Barranca Tigre, Buena Vista, Copanatoyac, Costilla del Cerro, Cozondiapa, El Crucero de Oztocingo, El Platanar, Guacamaya, La Asunción, La Concepción, Loma Bonita, Ocoapa, Ocotepec, Ocotequila, Ocotillo, Oztocingo, Patlicha, Plan de Laguna, Plan Lagunilla, Plan de San Miguel, Potoichan, Quiahuiltepec, Rancho Escondido, San Vicente Amole, Santa Cruz, Tenexcalcinco, Tierra Colorada, Tlacotepec, Tlalquetzalapa, Totohuehuetlán, Xalteme, Xitomatla.
                "
"
tu’un Isasi (de Igualapa)
		[tũʔũ isasi]
tu’un savi (de Igualapa)
		[tũʔũ saβi]
		<mixteco de Igualapa>
                ","
                    GUERRERO: Igualapa: Acalmani, Chacalapa, Chimalapa, El Capulín, Igualapa, Juan Cristóbal (Rancho El Arbolito), La Libertad, La Reforma, La Victoria, Llano Grande de Juárez, Llano Grande de los Hilario, San José Buena Vista, San Juan de los Llanos, Tepatahuac.
                "
"
tno’on savi (central de Guerrero)
		[tõʔõ saβi]
tu’un savi (central de Guerrero)
		[tũʔũ saβi]
		<mixteco central de Guerrero>
                ","
                    GUERRERO: Malinaltepec: Arroyo San Pedro de Morelos, Colonia Santa Anita, Colonia del Obispo (Loma del Obispo), Cruz Verde, Cuatzoquitengo, El Portezuelo de Santa Cruz (Cruzamiento), El Rincón (Santa Cruz del Rincón), El Tejocote, Iliatenco, La Unión de las Peras, Llano de Heno, Malinaltepec, Monte Alegre, Moyotepec (Moyotepec de Juárez), Plan de Natividad, Rancho Viejo, Salto del Agua, Tapayoltepec.
                "
"
tu’un Isasi (de Guerrero del este medio)
		[tũʔũ isasi]
tu’un isavi
		[tũʔũ isaβi]
tu’un savi (de Guerrero del este medio)
		[tũʔũ saβi]
		<mixteco de Guerrero del este medio>
                ","
                    GUERRERO: Metlatónoc: Ahuezutla, Arroyo Chimalapa, Arroyo Tigrillo, Atzompa (San Pablo Atzompa), Azoyuc, Barranca Ceniza, Barranca Faisán, Barranca Ocotera, Barranca Pobre (Rancho de Guadalupe) [Yuvi Tia Nda’vi], Barranca de Águila (Yuuvitasu), Barranca de la Palma, Barrio de San Martín (Palera), Buena Vista, Cahuañaña, Calpanapa (Calpanapa El Viejo), Cerro Alto, Cerro Perico, Cerro de la Lluvia, Cerro del Cántaro, Cieneguilla de Cuellar, Cocuilotlazala (Cocuitlazala El Viejo), Colonia Guadalupe El Nuevo, Colonia Moreno, Colonia San José Uno, Colonia de Guadalupe, Cruz Verde, Cuetzala de la Unión, Chilixtlahuaca, Chilpancinguito, Chimalapa, Chon Da Va, Dii Yoo, Divino Pastor, Dos Ríos, El Aserradero, El Capulín, El Choqui, El Ciruelo, El Coyul, El Coyulito (El Corazón), El Naranjo, El Paraíso, El Rancho, El Zapote Cabezón, Estrella 2000, Francisco Villa (Vírgen de la Villa), Guadalupe la Joya, Huexoapa, Ithia Thiehe, Itia Mini Ñuun [Itia Mini Ñuu’un], Itia Nivehe Xahaxiqui, Itia Thio, Itia Zuti, Itia-Ndichikoo, Itundeta, Joya Real, Juanacatlán, Kaa Yoso, Kaesia, Kavananu, Kavatiava, La Cascada, La Ciénega (Yuun Doyo), La Peña (Xa Kava Yaa), Lagunas, Lagunilla Yucutuni, Lázaro Cárdenas, Llano de León, Llano de Laguna, Llano de Metate (Yosondi Xhaa), Llano de Nopal, Llano de Tepehuaje (Tepehuaje), Llano de la Chuparrosa, Llano de la Mosca (Loma Bonita), Llano de la Rana (Xaha Cucho Dij), Llano de la Yacua, Llano de las Flores, Llano Perdido, Loma Bonita, Loma Bonita (Cerro Yuko Ta Kava), Loma Canoa (La Cuna), Loma de Santa Cruz, Loma Grande, Lomas de San Marcos (Loma Huamuchil), Los Llanos, Metlatónoc, Mininuma, Nuhu Savi Kani, Ocotepec, Ojo de Luna, Ojo de Pescado, Ometepec Chiquito, Peña de Venado, Pie de Mango, Piedra Negra (Tierra Blanquita), Piedra Silleta, Plan Buena Vista, Pueblo Viejo, Pueblo Viejo (Ñu Ya Taa), Rancho de San Marcos, Rancho Loma Bonita, Rancho Viejo (Santa Cruz), Río Amaca, Río Cantador Chiquito, Río Encajonado, Río de Corazón, Río San Martín, San Agustín, San Antonio, San Cristobalito, San Isidro, San Lucas, San Marcos, San Martín Yuku Xaqui, San Miguel Amoltepec, San Miguel Amoltepec Viejo, San Pedro Viejo, San Rafael, Santa Catarina, Santa Cruz Cafetal, Santa Cruz El Nuevo, Santiago Arroyo Prieto, Tierra Blanca, Tierra Blanquita, Tierra de Algodón (Yaviñu Cachi), Tierra de Campesino (Tierra Colorada), Valle Hermoso, Vicente Guerrero, Villa de Guadalupe (Tres Ríos), Vista Hermosa, Xacundutia, Xahayucundia (Pie del Cerro Negro), Xiniandiki (Loma Amarilla), Yoso Cano, Yoso Chun, Yoso Tuxa, Yozo Chum, Yozo Chun Chiquito, Yozondacua, Yozondacua (Llano del Carmen), Yucunduta, Yucu Nami, Yuku Nu Kaxin, Yutimi, Yuu Mini, Yuu Mini Saa, Yuu Naa, Yuvi Chonuhu, Yuvi Tio, Yuvicani, Yuvin Tikunu (Xalpa), Yuvinani, Yuvitiaqui (Barranca Soltera), Zitlaltepec.
                "
"
tu’un savi (de Tlacoachistlahuaca)
		[tũʔũ saβi]
		<mixteco de Tlacoachistlahuaca>
                ","
                    GUERRERO: Tlacoachistlahuaca: Arroyo Chimalapa, Arroyo del Desbarrancadero, Arroyo Faisán, Barranca Capi, Barranca Estaca, Cascada Blanca (Aguas Blancas), Cerro Colorado, Colonia Luna, Cruz Alta, Cuananchinicha (Rancho), El Capulín, El Limón Guadalupe, Huehuetonoc, Jicayan de Tovar, Juquililla (Jiquimillas), La Guadalupe, La Guadalupe Mano de León, La Trinidad, Las Minas, Llano del Tigre, Malvabisco (Tierra Colorada), Papaloapan, Plan de Mamey, Poza Verde, Rancho Limón, Rancho Viejo (Rancho Nuevo de la Democracia), San Cristóbal, San Isidro, San Jerónimo, San Martín, San Pedro Cuitlapan, Santa Cruz Yucucani, Terrero Venado, Tierra Blanca, Tierra Blanca Segunda, Tlacoachistlahuaca, Tlacoachistlahuaca Uno, Trapiche, Yoloxochilt (Santiago Yoloxochilt).
                "
"
tu’un savi de (Tlalixtaquilla de Maldonado)
		[tũʔũ saβi]
		<mixteco de Tlalixtaquilla de Maldonado>
                ","
                    GUERRERO: Tlalixtaquilla de Maldonado: Colonia Tres de Mayo (La Cruz Chiquita), El Salado, La Luz de Juárez, La Rivera, Mexquititlán, Santa Cruz, Tecoyame de Guadalupe, Tlalixtaquilla.
                "
"
tu’un savi (de Guerrero del norte)
		[tũʔũ saβi]
		<mixteco de Guerrero del norte>
                ","
                    GUERRERO: Alpoyeca: Alpoyeca, Barrio El Socorrito, Barrio de San Marcos, Ixcateopan, San José Buenavista. Tlapa de Comonfort: Ahuatepec Ejido, Ahuatepec Pueblo, Alpoyecancingo, Amate Amarillo, Amatitlán, Aquilpa, Atempa, Atlamajac, Atlamajalcingo del Río, Ayotzinapa, Barranca del Otate, Cerro del Aire, Colonia Constitución, Colonia Monte Sinaí, Colonia Nueva Jerusalem, Colonia San Marcos, Colonia Tepeyac Uno, Chiepetepec, Chiepetlán (San Miguel Chiepetlán), La Providencia, Mantis Religiosa, Mexcala, Plan de Zacatepec, Pueblo Viejo, San Miguel Zapotitlán, San Miguel Zinacantla (El Campito), San Miguelito, San Pedro Petlacala, Tehuixtla, Tenango Tepexi, Tepeyahualco, Tetelchi, Tlapa de Comonfort, Tlaquiltzinapa, Totomochapa, Tototepec (Yozononi), Villa de Guadalupe, Xalatzala, Zacualpan.
                "
"
jnu’un sábi̱
[hnũʔũ sa˦βi˨]
		<mixteco de Guerrero del norte central>
                ","
                    GUERRERO: Xalpatláhuac: Amatitlán (San Martín Amatitlán), Cacalotepec, Igualita, La Victoria (San Martín la Victoria), Quiahuitlatzala, Santiago del Río, San Nicolás Zoyatlán (Zoyatlán), Tlacotla, Tlaxco, Tlayahualco, Xalpatláhuac.
                "
"
tu’un savi (de Xochistlahuaca)
		[tũʔũ saβi]
		<mixteco de Xochistlahuaca>
                ","
                    GUERRERO: Xochistlahuaca: Arroyo Cola de Cuije, Arroyo Limón Norte, Arroyo Para, Arroyo Platanar, Bajada Tierra Colorada, Barrio San José, Cañada del Guayabo, Cerro Verde, Cozoyoapan, El Carmen, Guadalupe Victoria, La Soledad, Piedra del Toro, Piedra Letra, Plan de Guadalupe, Rincón Pochota, San Miguel Tejalpan, Xochistlahuaca.
                "
"
tu’un savi (de Tlahuapa)
		[tũʔũ saβi]
		<mixteco de Tlahuapa>
                ","
                    GUERRERO: Alcozáuca de Guerrero: Tlahuapa.
                "
"
tno̱’on sávi̱
[tnõʔõ saβi˨]
		<mixteco de Guerrero central alto>
                ","
                    GUERRERO: Malinaltepec: Alacatlatzala, San Diego Vista Hermosa. Xalpatláhuac: Cahuatache, Cuba Libre, El Platanar, Jilotepec, La Reforma, Monte Olivo, Santa Anita, Santa Cruz, Santa Rosa de Lima, Tenexcalcingo, Tototepec, Yautepec, Yerba Santa, Zacatipa.
                "
"
tu’un savi (de Xochapa)
		[tũʔũ saβi]
		<mixteco de Xochapa>
                ","
                    GUERRERO: Alcozáuca de Guerrero: Xochapa.
                "
"
tu’un savi (de Zoyatlán de Juárez)
		[tũʔũ saβi]
		<mixteco de Zoyatlán de Juárez>
                ","
                    GUERRERO: Alcozáuza de Guerrero: Zoyatlán de Juárez (San Vicente Zoyatlán).
                "
"
tu’un savi (de Xonacatlán)
		[tũʔũ saβi]
		<mixteco de Xonacatlán>
                ","
                    GUERRERO: Alcozáuca de Guerrero: Xonacatlán.
                "
"
tu’un savi (de Ayutla)
		[tũʔũ saβi]
		<mixteco de Ayutla>
                ","
                    GUERRERO: Ayutla de los Libres: Ahuacachahue (Ndog ’Yo Itun Tichi), Ahuexutla, Ampliación Vicente Guerrero, Arroyo Ocotlán, Arroyo del Zapote, Atocutla, Ayutla de los Libres, Azozuca (Colonia Palmasola), Barranca Tecoani, Barrio Nuevo Tres, Cerro Gordo Nuevo, Cerro Gordo Viejo, Coapinola, Colonia la Reforma (Fraccionamiento la Reforma), Colonia Miguel Hidalgo, Cotzalzin, Coxcatlán Candelaria, Coxcatlán San Pedro, Crucero de Tutepec, Cuadrilla Nueva, Cuanacazapa, Cumbres de Cotzalzin, Cumbres de Yolotepec [Cumbre de Yolotepec], Chacalapa, El Capulín, El Coquillo, El Cortijo, El Coyul, El Crucero de Tonalá (Huerta Campo), El Charco, El Charquito, El Guineo, El Mezón, El Mezoncillo, El Paraíso, El Piñal, El Platanar (San Antonio), El Refugio, El Salto, El Sauce, El Tamarindo, El Tepuente, El Vano, Fraccionamiento Jardines, Fraccionamiento Sinaí, Huerta Juana Gómez, La Angostura, La Azozuca, La Concordia, La Cortina, La Fátima, La Guadalupe, La Lima, La Mesilla, La Palma, La Sidra, La Unión, Los Tepetates, Mezón Chico, Mezón Zapote, Ocote Amarillo, Ocotlán, Ojo de Agua (Xa’a Kava Yaa), Pozolapa, Quiahuitepec, Rancho David Morales, Rancho Francisco Castro, Rancho Gabriel Sánchez, Rancho la Colonia, Rancho los Ortiz, Rancho Ocoapa, Roca Colorada, San Antonio Abad, San Felipe, San José la Hacienda, Tepango, Tierra Lanca, Tonalá, Tutepec, Vista Hermosa, Yivi Ndaa, Zempazulco.
                "
"
tu’un savi (de San Luis Acatlán)
		[tũʔũ saβi]
		<mixteco de San Luis Acatlán>
                ","
                    GUERRERO: San Luis Acatlán: Arroyo Cumiapa, Arroyo Limón (Arroyo Lima), Arroyo Mixtecolapa (Mixtecolapa), Arroyo de Faisán, Arroyo Ojo de Venado, Barrio Guadalupe, Barrio de Guadalupe, Barrio El Barrero, Buena Vista, Cafetal Escondido, Cerro Cantón, Cerro Zapote, Colonia Bethel, Coyul (Coyul Chiquito), Cruz Alta, Cuadrilla Mango, Cuanacastitlán, El Carmen, El Mamey (Plan del Mamey), El Manguito, El Recodo, El Tejoruco (El Zapote), El Vergel, Hondura Tigre, Horcasitas (Atotonilco de Horcasitas), Huerta Darío Pastrana, Jicamaltepec (El Mango), Jicamaltepec (Jicamaltepec de la Montaña), Jolotichan, Llano Guaje, Llano Silleta, Llano de Maguey, Loma Bonita, Los Achotes, Mixtecapa, Pascala del Oro, Piedra Ancha, Pie de Cabra, Pie de Tierra Blanca (Tierra Blanca), Poza Verde, Pueblo Hidalgo, Rancho El Cuajilote, Rancho Guillen (La Tranca), Rancho Rivera (La Cuesta El Nanche), Río Iguapa, San José, San Luis Acatlán, Tierra Colorada, Tlaxcalixtlahuaca, Tuxtepec, Vista Hermosa, Xihuitepec, Yoloxochitl, Zentixtlahuaca.
                "
"
tu’un savi (de Guerrero de la costa este)
		[tũʔũ saβi]
		<mixteco de Guerrero de la costa este>
                ","
                    GUERRERO: Azoyú: Aguacatillo (Rancho Maximino Muñoz), Agua Fría, Agua Zarca (Barrio de Agua Zarca), Arcelia del Progreso, Azoyú, Barra de Tecoanapa, Barrio Nuevo, Carrizalillo, Cola de Charco (Charco Grande), Cruz Verde, El Aguacate, El Arenal (La Plataforma), El Capulín Chocolate, El Cucharo (Arroyo El Cucharo), El Macahuite, El Rincón, El Zapote, Huehuetán, Juchitán, La Barra de Tecoanapa, La Cuchilla, La Culebra, La India (La India Calosa), La Pelota, Llanos del Coco (El Coco), Lomas del Vidal (El Vidal), Los Chegues, Los Metates, Los Pelillos, Los Quiterios, Marquelia, Maxmadi, Quetzalapa, Rancho Dos Laureles, Rancho Estrada, Rancho Lempira, Rancho los Mendoza, Rancho Maestro Crisogono, Rancho Márquez, Rancho Tino Cortez, San Isidro El Puente (El Puente), San José del Capulín (Capulín Calavera), Talapilla, Tenango, Zapotitlán de la Fuente (El Zapote), Zoyatlán. Cuajinicuilapa: Barajillas (Barajilla), Cerro del Indio (El Indio), Comaltepec (Comal), Cuajinicuilapa, Efraín Santos, El Cuiji (El Cuije), El Pitahayo, El Tamale, El Terrero, El Vaivén, Gloria Escondida, La Bocana, La Ceniza (Loma de Romero), La Petaca (Hacienda la Petaca), Las Lomitas, Maldonado, Montecillos, Punta Maldonado (El Faro), Rancho Blanco (Rancho los Límites), Rancho El Carrizo (El Carrizo), Rancho Hermanos Álvarez Guzmán (Lote Número 38), Rancho Hermanos Herrera, Rancho de Manuel Guzmán, Rancho de Sadot Álvarez Guzmán, Rancho de Santiago (Rancho Santiago), Rancho Javier Mendoza Añorve, Rancho la Bonita (La Bonita), Rancho la Parota, Rancho la Soledad (Rancho de Elpidio Reyna), Rancho las Golondrinas, Rancho Meliton Cisneros, Rancho Roberto Álvarez, Rancho Salvador Cruz (La Inar), San Nicolás, Tierra Colorada. Ometepec: Acatepec, Arroyo Barranca Honda, Cochoapa, Colonia Villa Hidalgo, Cruz de Corazón, Cumbre de Barranca Honda, El Charco de la Puerta, El Frutillo, El Limón, El Sepudo, El Tamarindo, Huajintepec, Huixtepec, La Cresta (Palma de Molina), La Ladrillera, La Mira, La Soledad, Las Iguanas, Las Palmas, Las Vigas, Milpillas, Ometepec, Paso del Tabaco, Piedra Ancha, Piedra Boluda, Potrerillos, Rancho Adolfo Muñoz, Rancho Delfino Aguirre Rivero (El Palomar), Rancho El Mapache (Rancho Marcos Bahena), Rancho Francisco Espinoza Hilario (Rancho El Carmen), Rancho Jesús Estrada García, Rancho las Vigas (Finca Santander), Rancho los Moreno, Rancho los Naranjos, Rancho Napoleón Justo (Rancho El Tamarindo), Rancho Taurino Cárdenas Aparicio, San Isidro, Santa Cruz Teconte (El Teconte), Santa María (Santa María Asunción), Tierra Blanca, Vista Hermosa, Zacualpan.
                "
"
tu’un savi (de Guerrero de la costa occidental)
		[tũʔũ saβi]
		<mixteco de Guerrero de la costa occidental>
                ","
                    GUERRERO: Juan R. Escudero: El Potrero Oriental, El Tabacal, El Terrero, La Palma, Omitlán, San Juan del Reparo (San Juan del Reparo Norte), Tierra Colorada. San Marcos: Alto de Ventura, Anáhuac, Arroyo Grande, Colonia El Cuco, Chacalapa de Bravos, El Carmen, El Cortés, Lagunillas, Las Mesas, Las Minas, Las Vigas, Llano de la Puerta, Llano Grande, Monte Alto, Nuevo Tecomulapa, Palomar de las Flores, Plan Grande, Rancho Viejo, San Marcos, Tierra y Libertad. Tecoanapa: Barrio Ignacio Ramírez, Buenavista de Allende (Buenavista), Cabaña de los Tecolotes, Cruz Quemada, Chautipa, El Carrizo, El Guayabo, El Limón, El Pericón, El Potrero, El Tejoruco (Tejoruco), La Ceiba, La Granja (David Ramírez Leyva), Lagunillas, Las Ánimas, Las Palmitas, Los Magueyitos, Los Saucitos, Mecatepec, Ocotitlán, Parota Seca, Pochotillo, San Francisco, Santa Rosa, Tecoanapa, Tecuantepec, Villa Hermosa, Xalpatlahuac.
                "
"
tu’un savi (de Guerrero de la costa central)
		[tũʔũ saβi]
		<mixteco de Guerrero de la costa central>
                ","
                    GUERRERO: Copala: Colonia Juan N. Álvarez (Playa Ventura), Colonia la Crucita, Comunidad General Enrique Rodríguez, Copala, La Fortuna (La Yeguada), Las Peñas, Los Lirios, Rancho Miguel Vargas. Cuautepec: Coacuyulichan, Cuautepec, El Coquillo, El Limoncito, El Líbano, El Salto, Fábrica Vieja, Jalapa, La Bocana, La Dicha, San Agustín Cuilutla (Cuilutla). Florencio Villareal: Colonia Lázaro Cárdenas, Cruz Grande, Cuatro Bancos, El Porvenir, Las Garzas, Las Ánimas, Playa Larga Vieja (Playa Larga).
                "
"
tu’un savi (de Villa de Tututepec)
		[tũʔũ saβi]
		<mixteco de Villa de Tututepec>
                ","
                    OAXACA: Villa de Tututepec de Melchor Ocampo: Agua Zarca (San Miguel Agua Zarca), Barrio de la Playa (Tololote), Benito Juárez, Camalotillo, Colonia Vicente Guerrero, Chacahua, Chacalapa, Duva-Yoo, El Azufre, El Cacalote (Cacalotepec), El Ciruelito, El Faisán, El Gachupín, El Mamey, El Mirador, El Sanjón, El Zapotalito, Hidalgo Manialtepec (Hidalgo Tututepec), Jesús de Nazaret, La Cañada, La Esperanza, La Fortuna, La Luz, La Pastoria, La Teja, La Treinta (Alfredo Navarrete), Linda Vista, Los Guayabos, Manolo Mena (Rancho Manolo Mena), Palma Sola, Peñas Negras, Playa Vieja, Roca Blanca, Río Grande, Río Tigre, San Antonio Río Verde, San Felipe, San Francisco de Abajo (La Maquinita), San Francisco de Arriba, San José Manialtepec, San José del Progreso, San Miguel, Santa Cruz Tututepec, Santa María Acatepec, Santa Rosa de Lima, Santiago Jocotepec, Sector Uno (Colonia Sector Uno), Villa de Tututepec de Melchor Ocampo.
                "
"
to’on savi (de Santa María Huazolotitlán)
		[tõʔõ saβi]
		<mixteco de Santa María Huazolotitlán>
                ","
                    OAXACA: Santa María Huazolotitlán: Barrio Grande, Barrio Chico, Barrio Ñucahua, Cerro Blanco, Cerro El Chivo, El Potrero, El Tico, Familia Cortés, José María Morelos (Poza Verde), La Cobranza (Cerro Colorado), Paso del Jiote, Santa María Chicometepec (La Boquilla), Santa María Huazolotitlán, Yutanicani.
                "
"
tu’un savi (de Ixtayutla)
		[tũʔũ saβi]
		<mixteco de Ixtayutla>
                ","
                    OAXACA: Santiago Ixtayutla: Atoyaquillo, Caña Muerta, El Caracol (El Carasol), El Ciruelo, El Duraznal, El Frutillo, El Huamuche, El Mosco, El Ocote, El Tetlate, La Cuchara, La Humedad, La Muralla, Las Limas, Las Trojes (Las Trojas), Llano Escondido, Llano Verde, Macahuite, Nuyucu, Olintepec, Pueblo Viejo, San Lucas, Santiago Ixtayutla, Tierra Blanca, Xiniyuba, Yucuya.
                "
"
tu’un savi (de Oaxaca de la costa central)
		[tũʔũ saβi]
		<mixteco de Oaxaca de la costa central>
                ","
                    OAXACA: San Agustín Chayuco: Colonia San Felipe (San Felipe), Dos Caminos (San Francisco Dos Caminos), La Juquilita, La Soledad, San Agustín Chayuco, San Cristóbal, Unión y Libertad (La Unión), Yucutaco (San Luis Yucutaco). San Andrés Huaxpaltepec: Colonia Reforma, Cubitán de Dolores, El Zapote (Barrio El Zapote), Rancho Viejo, San Andrés Huaxpaltepec, Santa Zenaida. San Lorenzo: Guadalupe Yosocani, Piedra Blanca, San Antonio Yosocani, San José Tetepelcingo, San Juan Yosocani, San Lorenzo, San Miguel Tetepelcingo, Santa María Yosocani. San Miguel Tlacamama: Barrio de la Guadalupe, Barrio de los Herrera, El Terrero, El Zapote, El Zapotillo, El Zopilote, Florentino González, Francisco Bermúdez Vielma, La Catalina, La Cañada del Marqués, La Esperanza (La Nueva Esperanza), Las Mercedes de León, Nicasio Delgado Matías, Puente de la Catalina, San Miguel Tlacamama, Santa Elena. San Pedro Jicayán: Agua Dulce, Barrio Grande, Barrio Itundua, Barrio Shuñuu, Cerro Yucundoco, Cuadrilla Vieja, Chuparrosa, La Hierba Santa, Limón Real, Los Marcelo (Colonia los Marcelo), Minicuayo (Yucucuayo), Pozo Yutatoma (Barrio Ñundaso), Río Yutandua, San Marcos Coyul, San José Yutatuyaa (Yutatuyaa Jicayán), San Juan Jicayán, San Pedro Jicayán, Santiago Jicayán, Tejería, Tres Ríos, Yutacoyo, Yutandayoo. Santa Catarina Mechoacán: Desviación Mechoacán, El Frutillo, Santa Catarina Mechoacán, Santa Cruz. Santiago Tetepec: El Ocote, El Rosario, Guadalupe del Tambor, La Soledad Carrizo, Ocotlán de Juárez, San Isidro del Parral, Santa Cruz Tihuixte, Santiago Tetepec, Tierra Colorada.
                "
"
tu’un savi (de Oaxaca de la costa noroeste)
		[tũʔũ saβi]
		<mixteco de Oaxaca de la costa noroeste>
                ","
                    OAXACA: San Juan Colorado: Agua Fría, El Terrero, Nuevo Progreso, Peña Negra, Piedra Blanca, San Juan Colorado, San Pedro Siniyuvi, Santa María Nutio, Yucusabi, Yutacoco. San Sebastián Ixcapa: Camotinchan, Cañada del Totomoxtle, Costatitlán (El Limón), San Sebastián Ixcapa.
                "
"
tu’un savi (de Oaxaca de costa central baja)
		[tũʔũ saβi]
		<mixteco de Oaxaca de costa central baja>
                ","
                    OAXACA: San Pedro Atoyac: Barrio Chico, Barrio Grande, Barrio San Nicolás, Cruz Colorada, La Guadalupe, La Palma, San Antonio Carrizo, San Martín Rancho Nuevo, San Pedro Atoyac, Zapote Blanco. Santiago Jamiltepec: Atotonilquillo, Barrilito, Barrio Chico, Barrio de las Flores, Barrio Grande, Barrio Miramar, Barrio San Jacinto, Coyuche, Charco Nduayoo (Charquito Nduayoo), El Guayabo, El Santo, El Zarzal, Emiliano Zapata, Finca la Natividad (Flores Magón), La Pastora, La Esperanza, La Huichicata, La Humedad (San Isidro), La Palmera, La Tuza (Monroy), Los Herreros, Patria Nueva (Platanillo), Piedra Ancha, Piedra Blanca (Tierra del Arado), Río Viejo (La Presa), San José Río Verde (La Boquilla), San José de las Flores, Santa Cruz Flores Magón, Santa Elena Comaltepec, Santiago Jamiltepec, Unión Linda Vista (Buenos Aires).
                "
"
tu’un va’a
		[tũʔũ βaʔa]
		<mixteco de Sierra sur oeste>
                ","
                    OAXACA: San Juan Cacahuatepec: San Francisco Sayultepec. Santa María Zacatepec: Aquiles Serdán, El Coyulito, El Cuete (El Cohete), El Rosario, El Tapanco, Guadalupe (Guadalupe Zacatepec), Guadalupe Nuevo Centro, La Culebra, La Vírgen, Las Palmas, Llano Chapultepec, Llano Grande (Santiago Llano Grande), Los Manguitos, Rancho San Pedro, San Antonio Zaragoza, San Felipe Atotonilco, San Isidro Amatitlán, San Juan Viejo, San Marcos Nejapa, San Miguel, San Vicente Piñas, Santa Cruz de Rufino Tamayo, Santa Cruz Tutiahua.
                "
"
tnu'u ñuu savi
		[tnũʔũ nũʔũ saβi]
		<mixteco de Santiago Amoltepec>
                ","
                    OAXACA: Santiago Amoltepec: Barranca Campeche, Barranca Cosida, Barranca Honda, Barranca Mapache, Barranca Nueva, Barranca Obscura, Barranca Rica, Ciénega Mamey, Colonia de Jesús (La Cucaracha), El Aguacate, El Cocal, El Huamuchil, El Laurel, El Limoncillo, El Mamey, El Naranjo, El Platanar, La Cofradía, La Huichicata, La Independencia, La Lucerna, La Mesilla, La Soledad (Huichicata), Las Cuevas, Llano Conejo (El Macahuite), Llano Metate, Llano Nuevo, Llano Tigre, Llano Verde, Piedra Liza, Piedra del Tambor, Pueblo Viejo, Recibimiento, Río Ciruelo, San Antonio, San Isidro, San José de las Flores (El Armadillo), San Lorenzo El Zapote, San Miguel Río Verde (La Tortuga), Santa María Naranjo, Santiago Amoltepec, Tierra Colorada.
                "
"
tu’un savi (de Santa Cruz Itundujia)
		[tũʔũ saβi]
		<mixteco de Santa Cruz Itundujia>
                ","
                    OAXACA: Santa Cruz Itundujia: Agua Escondida Guerrero, Agua de Humo, Agua de la Caja, Agua de Platanar, Agua del Tejocote, Aguacatal, Anonal Guerrero, Barranca Fiera, Boca de Olla Zaragoza, Buenavista de Juárez, Bugambilia Buenavista, Bugambilia de Morelos, Cañada Cerro del Sol, Cañada Oriente Guerrero, Cerro Delgado Guerrero, Cindoo, Colonia Morelos, Cucharal, Cueva de Agua, Chamizal (Buena Vista), El Anonal, El Atorón, El Carrizal Zaragoza, El Gachupín Guerrero, El Jabalí Guerrero, El Limón, El Paraíso, El Zapote, Escalerilla Guerrero, Guayabal Guerrero, Guerrero, Hidalgo, Independencia, Iturbide, Jardines del Pedregal (El Terán), La Ciénega Unión de Galeana, La Ciénega Uno, La Cruz de Armadillo Unión de Galeana, La Cruz de Estrella, La Laguna, La Laguna Zaragoza, La Lima Zaragoza, La Paz, La Victoria, Llano Primavera, Llano de la Mazorca, Llano de la Tristeza Guerrero, Llano del Conejo Guerrero, Lomas del Pedregal Unión de Galeana, Los Mogotitos, Los Monos Guerrero (Cruz de Raya), Mirador, Mirasol Guerrero, Morelos, Nuevo Allende, Pie de la Peña, Pie de Peña (Morelos), Pie del Cerro de Yucucasa, Piedra Blanca, Piedras Altas, Providencia, Rancho Viejo, Santa Cruz Itundujia, Segunda Manzana, Sinatucui Morelos, Sinaya, Sondute Guerrero, Tierra Blanca (Capulín), Tres de Mayo, Unión de Galeana, Yucuquetzahue Buena Vista, Yucuquetzahue Guerrero, Yucusiama Guerrero, Yucuteyo Guerrero, Zaragoza.
                "
"
sa’an sau (de Yosondúa)
		[sãʔã sau]
		<mixteco de Yosondúa>
                ","
                    OAXACA: Santiago Yosondúa: Alacrán, Atalaya, Buena Vista, Cabandihui, Cabecera de Cañada, Cañada de Galicia, Cuajilotes (Guanacaste), Chandilly, El Sabino, Imperio, Imperio Dos, La Cascada, La Pista, Lázaro Cárdenas, Plumas, Primavera, Rancho Alegre, San Miguel Ixcatlán, Santa Catarina Cuanana, Santiago Yosondúa, Sector Cuatro, Vergel, Yerba Santa, Yolotepec de la Paz, Yucujiyo, Yucumagñu, Yucuya.
                "
"
sasau
		[sasau]
		<mixteco de Santa Lucía Monteverde>
                ","
                    OAXACA: Santa Lucía Monteverde: Agua del Perro, Agua del Toro, Buenavista El Naranjo, Cabeza de Río, Colonia Villanueva, El Chorro (Centro), El Guayabo (Nopalera), El Progreso Yucubey, Fortín de Juárez, Icayuco, Jadero Nopalera, La Paz, La Unión Altamira, Laguna Seca, Laguna Verde, Loma Sucila, Moctezuma, Nopalera El Campamento, Peña Colorada, Peña de Jícara, Peña Flor de Clavo, Peña Negra Nopalera, San José El Porvenir, San Juan Tezoatlán, San Sebastián Nopalera, Santa Lucía Monteverde, Santa María Ocotlán, Torralba de Juárez, Yucunitoso (Progreso), Yutecoso Cuauhtémoc.
                "
"
sahin sau
		[sahin sau]
		<mixteco del sur bajo>
                ","
                    OAXACA: Chalcatongo de Hidalgo: Abasolo, Aldama, Allende, Cañada de Morelos, Colonia Yurancho, Chalcatongo de Hidalgo, Chapultepec, El Portillo, Guerrero (Vicente Guerrero), Hidalgo, Independencia, Iturbide, Juárez, La Paz, La Providencia, La Unión, Plan de Ayala (Yutiandije), Progreso, Rancho Guadalupe, Reforma, Santa Catarina Yuxia, Vista Hermosa (Barrio Vista Hermosa), Zaragoza. San Miguel El Grande: Benito Juárez, Colonia Lindavista, General Lázaro Cárdenas, Ignacio Zaragoza, Iturbide, Jayucu, Loma Nushiñu’u, Lomas de Cocoyoc, Los Pinos, Madero (Francisco I. Madero), Mexicalcingo, Miguel Hidalgo, Morelos (José María Morelos), San Miguel El Grande, Vicente Guerrero, Villa de Guadalupe Victoria. Santa María Yolotepec: Cerro Negro, San José del Río Colorado, Santa María Yolotepec, Snaño, Yolotepec de la Paz, Yucunu.
                "
"
tu’un savi (de Yosonotú)
		[tũʔũ saβi]
		<mixteco de Yosonotú>
                ","
                    OAXACA: Santa Catarina Yosonotú: Benito Juárez, Dicayucu, Joya de San Nicolás (Yuñu), Lagunilla de Cárdenas, Loma Bonita, Morelos, Nduabe, Nyuyi, Nyuñana, San Isidro Zaragoza, Santa Catarina Yosonotú, Shinicana, Tierra Blanca, Vista Hermosa, Yuchite, Yucunicuca de Hidalgo.
                "
"
tu’un savi (del sur medio)
		[tũʔũ saβi]
		<mixteco del sur medio>
                ","
                    OAXACA: San Esteban Atatlahuca: Benito Juárez, Cabanee (Piedra Oscura), Cruz Encino Negro, Cruz Geyuco, Cruz Loma de Trigo, Cruz Ñunu, Guerrero Grande, Independencia, Llano Zacate, Llano de los Toros, Loma Larga, Loma Yozmico, Mier y Terán, Mirador (Icutizundo), Morelos (José María Morelos y Pavón), Ndoyocoyo (Ciénega de Tule), Ndoyonoyuji (Ciénega de Flores Amarillas), Nucagne, Progreso (San Pedro Progreso), Río de Golondrina, San Esteban Atatlahuca, Shinitoo, Totohi, Tototiquiki, Vicente Guerrero (Guerrero Chico), Yucabaino, Yucuiji (Zaragoza), Yucunucue, Yusau, Yute Kaji, Yutebehi, Yutenundi, Yuteshillo, Yuteyoso. Santa Cruz Tacahua: Cerro Prieto, El Inococo, Juquila, Moctezuma (STUMA), Santa Cruz Tacahua, Scotuche, Snimbu, Stiu, Yuyavi, Shandi, Yatacaba, Yuñuu. Santo Domingo Ixcatlán: Cruz Roja, El Porvenir, El Progreso, El Rosario, Santo Domingo, Santo Domingo Ixcatlán, Tierra Blanca.
                "
"
tu’un savi (de San Pedro Molinos)
		[tũʔũ saβi]
		<mixteco de San Pedro Molinos>
                ","
                    OAXACA: San Pedro Molinos: Asunción (Asunción Buenavista), El Campo (Nunda Chiyi), San Isidro, San Pedro Molinos, San Pedro Mártir (Barrio San Pedro Mártir), Yuteyoo, Yuñuño.
                "
"
tu’un savi (de Santa María Yosoyúa)
		[tũʔũ saβi]
		<mixteco de Santa María Yosoyúa>
                ","
                    OAXACA: Santa María Yosoyúa: Buenavista (Buenavista Yosuyúa), Guadalupe Yosoyúa, Río Grande, Santa Cruz (Santa Cruz Yosoyúa), Santa María Yosoyúa, Yucha-Baa (Orilla del Río).
                "
"
tu’un savi (de San Mateo Peñasco)
		[tũʔũ saβi]
		<mixteco de San Mateo Peñasco>
                ","
                    OAXACA: San Mateo Peñasco: El Vergel, San Mateo Peñasco, San Pedro El Alto, San Pedro Mártir, Santa Cruz.
                "
"
tu’un savi (de San Agustín Tlacotepec)
		[tũʔũ saβi]
		<mixteco de San Agustín Tlacotepec>
                ","
                    OAXACA: San Agustín Tlacotepec: Buena Vista, La Junta del Río, Loma Yosocutee, Ndicayuco, Nduyahillo, San Agustín Tlacotepec, Tixi, Totoja, Yosojica, Yundi, Yuyacua.
                "
"
tu’un savi (de San Antonio Sinicahua)
		[tũʔũ saβi]
		<mixteco de San Antonio Sinicahua>
                ","
                    OAXACA: San Antonio Sinicahua: Barrio San Isidro, Buenavista, Jayucunino, La Unión, Loma de Juárez, San Antonio Sinicahua, San Isidro Siniyuco, San José (San José Sinicahua), Santa Cruz (Barrio Santa Cruz), Yosocahua (Yosocahua Sinicahua).
                "
"
tnu’u savi (del sureste central)
		[tnuʔu saβi]
		<mixteco del sureste central>
                ","
                    OAXACA: San Bartolomé Yucuañe: El Jazmín, Jacuchi, La Junta del Río, San Bartolomé Yucuañe. Santa Catarina Ticuá: El Chamizal, Fortín de Juárez, Paz y Unión, San Isidro, Yutejaa.
                "
"
tu’un savi (central)
		[tũʔũ saβi]
		<mixteco central>
                ","
                    OAXACA: Magdalena Peñasco: Cabacuaa, Chicabaya, Corona Siniti, Cuesta Blanca, El Carrizal (Loma Tichi), Guadalupe Peñasco, Ignacio Zaragoza, La Cumbre Peñasco, Loma Nujiqui, Loma Totoletra, Magdalena Peñasco, Mirasol, Olla de Maguey, Pueblo Viejo, Río Sordo, San Isidro (San Isidro Peñasco), San Juan del Río, Santa Juanita, Santo Domingo Huendio, Shatajiqui, Tindyuchacoa, Yosocahua. San Cristóbal Amoltepec: Buena Vista, Cabeza del Río, Nduvatoshee, San Cristóbal Amoltepec, Tierra Blanca, Tierra Colorada, Unión y Progreso. San Miguel Achiutla: Barrio Guadalupe, Manzana de Espinal, San Miguel Achiutla, San Sebastián Atoyaquillo, Yunumaño. Santa Catarina Tayata: Chijaha, Cuauhtémoc, El Llano, Santa Catarina Tayata, Segunda Sección.
                "
"
tu’un savi (del suroeste central)
		[tũʔũ saβi]
		<mixteco del suroeste central>
                ","
                    OAXACA: Heroica Ciudad de Tlaxiaco: San Miguel Progreso, Santa María Cuquila. Santa Cruz Nundaco: Agua de la Gallina, Cañada Lindavista (Calvario), Duayata (Segunda Sección), Dubachite (Tercera Sección), Jayuco, Llano Colorado, Loma Ñuhu-Cua, Ndostayi, Nduajami, Nduayuo, Ojo de Agua, Plan de Guadalupe (Rancho de Guadalupe), Plan de San Antonio, San Isidro Vista Hermosa, San José Yatandoyo, Santa Cruz Nundaco, Tres Cruces, Yatakuan, Yosongashe, Yucuno, Yucuya (Yutenicuche).
                "
"
tu’un savi (del suroeste)
		[tũʔũ saβi]
		<mixteco del suroeste>
                ","
                    OAXACA: Santa María Yucuhiti: Arriba de Alazán, Caballo Alazán, Carrizalillo, Chapultepec Zaragoza, Doce de Mayo, El Mirador, Escalería I, Escalería II, Guadalupe Buenavista, Ino-Itun, Kabakuiji, La Esperanza, La Primavera, La Soledad Caballo Rucio, La Y (Desviación a la Y), Laguna Seca, Llano San Miguel, Llano del Triunfo, Loma Grande, Miramar (Guadalupe Miramar), Ojo de Agua, Paraje Viejo, Peña Flor, Rancho Nuevo, Reyes Llano Grande, San Felipe de Jesús Pueblo Viejo, San Isidro Paz y Progreso, Santa María Yucuhiti, Shinicuiti Loma Angosta (Shinicuiti), Takava, Tunuhu, Tutin-Kañi, Unión y Suspiro, Yatayuku, Yosonicaje (San Lucas Yosonicaje), Yukuiyo, Yuteyubi, Yuvita’a, Zaragoza (San José Zaragoza). Santiago Nuyoó: Caballa, Ejido San Pedro Yosotatu, El Mirador, El Paraíso Nopalera, Gitoyuba, Loma Bonita de Juárez, Majara, Plan de Zaragoza, San Pedro Yosotatu, Santiago Nuyoó, Satullujia, Shinizo, Siktkava (Arriba de la Peña), Teshilla, Tierra Azul, Toshieca, Unión y Progreso, Yucaba, Yucubey de Cuitlahuac, Yucunino de Guerrero.
                "
"
sa'an savi
		[sãʔã saβi]
sa'an sau (de Ñumi)
		[sãʔã sau]
		<mixteco de Ñumi>
                ","
                    OAXACA: San Juan Ñumi: Buenavista, El Llano, Guadalupe Mirasol Ñumi, La Paz Yosoñama, Monte Negro, Peña Colorada, Pie de Mogote, Piedra Lisa, Río Centro Ñumi, Río San Juan Ñumi, Sabinillo (Sabinillo Ñumi), San Antonio Nduaxico, San Isidro Yosoñama, San Isidro Ñumi, San José Ñumi, San Juan Ñumi, San Pedro Yosoñama, San Pedro Ñumi, Santa Rosa, Santo Domingo Yosoñama, Unión Hidalgo, Vistahermosa, Yutajiqui.
                "
"
sa'an ntavi
		[sãʔã ndaβi]
		<mixteco de oeste central>
                ","
                    OAXACA: San Juan Mixtepec: Arenal Centro, Arroyo del Sabino, Bajo la Peña, Cabayua, Canama, Cerro Metates, Cerro de Lucero, Ciénega de Ardilla, El Cangrejo, El Capulín, El Cuajilote, El Encinal, El Llano, El Llano de Maguey, El Mesón Mixtepec, Escondido, Independencia, Ituxium, La Batea, Las Huertas, Lázaro Cárdenas, Llano Colorado, Llano Grande, Loma Almacén, Loma Bandera, Loma Redonda, Loma Reyes, Los Tejocotes, Mesón de Guadalupe, Ojo de Agua Arenal, Ojo de Agua Blanca, Peña Blanca, Pueblo Viejo, Rancho Diego, Río Azucena, Río Timbre, Río Verde, San Isidro, San Isidro Yucumay, San Juan Cahuayaxi, San Juan Mixtepec Distrito 08, San Juan Mixtepec Distrito 26, San Lucas, San Pedro Calvario, San Pedro Corral, San Pedro Retoño, San Pedro Yososcua, San Sebastián Cahuandaca, Santa Cruz (Santa Cruz Mixtepec), Santa María Teposlantongo, Santiago Tiño, Santo Domingo Viejo, Santo Domingo del Progreso, Schiñu Matanza, Statzi, Stucua (Colonia Nueva Stucua), Tierra Blanca, Yerba Buena, Yosoba, Yosonduu, Yucumi, Yucunany. San Martín Itunyoso: Casa de Zorro, Loma Buenos Aires, San José Xochixtlán, San Martín Itunyoso. Santiago Nundiche: Cañada Tierra Blanca, Chicabaxe, Dolores Hidalgo, Hidalgo (Hidalgo Independencia), Ignacio Allende las Huertas, Ignacio Zaragoza, Jaa Tindu Ñusiqui (Al Pie del Cerro Tindu), Jaa Yucatayua (Pie de la Barranca de Hielo), La Capilla, Las Huertas, Loma Itunuma, Morelos, Nduañu, Santiago Nundiche, Yosocoyo.
                "
"
to’on savi (del oeste)
		[tõʔõ saβi]
		<mixteco del oeste>
                ","
                    OAXACA: Coicoyán de las Flores: Barrio San Isidro, Barrio San José, Cerro del Aire, Coicoyán de las Flores, Coyul [El Coyul], El Jicaral, La Trinidad, Lázaro Cárdenas, Llano Encino Amarillo, Loma Flor, Los Ángeles, Rancho Pastor, Río Alumbrado, San Antonio (Barrio San Antonio), Santiago Tilapa, Tierra Colorada, Yutiotoso [Yutiatoso], Zaragoza. San Martín Peras: Ahuajutia (Ahuejutla), Barrio Espinal, Barrio Guadalupe, Cerro Hidalgo, Colonia Alvarado, Colonia Guadalupe, Chiñón, El Espinal, El Palmar, El Paredón, Guadalupe (Guadalupe Peras), Guadalupe El Progreso, La Divina Providencia, La Escopeta, La Trinidad Peras, Las Huertas, Las Minas, Piedra Azul, San Diego, San Isidro la Raya, San José, San Juan del Río, San Marcos, San Martín Peras, San Miguel Peras, Santiago Petlacala. San Sebastián Tecomaxtlahuaca: Agua Buena, Barranca Chinche, Barranca del Venado, Barranca Torcida, Buenavista, Cahuaya, Cañada Nuchi, Ciénega Grande, Ciénega Rabona (San Isidro), Cruz Verde, El Calvario, El Palmarillo, El Zopilote (Barrio del Zopilote), Guadalupe la Sabinera (Barrio de Guadalupe), Guadalupe Nucate, Guadalupe Nundaco [Guadalupe Nundaca], Laguna Encantada, Laguna Miniyagua, La Joya del Gavilán, La Tortolita, Llano de Ajo, Los Alvarado, Peña Prieta, Rancho los Silva (La Sabinera los Silva), Rancho de los Colores, Río de Hielo Juárez, Santiago Nuxaño, Sabino Solo [Sabinosolo], San Antonio, San José El Espinal (El Espinal), San Martín Duraznos, San Mateo Tunuchi, San Sebastián los Cholula, San Sebastián Tecomaxtlahuaca, Santa Cruz Huachichiqui, Santa Cruz Rancho Viejo, Santa Cruz Yosondica, Santiago Nuxaño, Xinicuesta, Yosondalla, Yosocu, Yosoyu, Yucudivi, Yucuyi (Zaragoza Alacranes).
                "
"
tu’un savi (del norte bajo)
		[tũʔũ saβi]
		<mixteco del norte bajo>
                ","
                    OAXACA: San Antonino Monte Verde: Cocoyo [Kokoyo], Colonia Hidalgo, Guadalupe de las Flores, Guadalupe Monteverde, La Colonita, La Reforma (Yoscama), Primera Sección, San Antonino Monte Verde, San Antonio Yodonduza Monteverde, San Francisco Caballua, San Isidro Monteverde, San José Monteverde, San Miguel Monteverde (Llano Grande), Santa María de las Nieves Monteverde, Segunda Sección. San Pedro y San Pablo Teposcolula: El Molino, El Rosario, Guadalupe Tixa, La Calera, San Felipe Ixtapa, San Francisco de Asís, San Miguel Tixa, San Pedro y San Pablo Teposcolula, Santa Catarina Río Delgado, Santo Tomás Tecolotitlán, Yodonocuito, Yucumesa, Yucuninde. San Sebastián Nicananduta: Primera Sección, San Sebastián Nicananduta, Tercera Sección. Santiago Yolomecatl: La Junta, Nduadavi, Nduatindoo, Nduayute, Río Negro (Totoyu), Santiago Yolomecatl. Villa Tejupam de la Unión: La Presa, Primera Sección (Nuñu), Santa Catarina (Ignacio Allende), Segunda Sección, Tercera Sección (Diniyaya), Tierra Blanca, Villa Tejupam de la Unión, Yuyuza. Villa de Chilapa de Díaz: San Marcos Monte de León, Santo Domingo Nundo, Villa de Chilapa de Díaz. Villa de Tamazulápam del Progreso: El Sabino, Río del Oro, Villa de Tamazulápam del Progreso, Xacahua.
                "
"
tu’un savi (de San Miguel Piedras)
		[tũʔũ saβi]
		<mixteco de San Miguel Piedras>
                ","
                    OAXACA: San Miguel Piedras: Chidoco (Chidoco de Juárez), Colorado, El Fresno, El Potrerito, Guadalupe Victoria, Río Minas (Río Minas Piedras), San Miguel Piedras.
                "
"
tu’un savi (de San Antonio Huitepec)
		[tũʔũ saβi]
		<mixteco de San Antonio Huitepec>
                ","
                    OAXACA: San Antonio Huitepec: Agua la Avispa, Arriba de la Ciénega Rica, Atotonilco, Arriba la Peña, Bajo la Peña, Buena Vista, Cacique, Carrizal, Carrizal Yucucundo, Cañada Aguacate, Cañada Cangrejo, Cañada de Espina, Cañada de Hierba, Cañada de Mojonera, Cañada de Palenque, Cañada Flores, Cerro Brujo, Culebrón, Chamizal, Duraznal, El Palomar, El Portillo, El Porvenir, El Tecolote, Espoloncillo, Infiernillo (Infiernillo San Francisco), La Barranca, La Guacamaya, La Joya Zacatón, La Plazuela, La Purísima, Llano Chiquito, Llano Conejo, Llano de Borracho, Llano de Moral, Llano Jabalí, Llano Mazorca, Llano Obscuro, Loma de Miel, Loma de Timbre, Loma de Tizne, Loma de Zopilote, Loma del Chilar, Miguel Hidalgo, Monte Cal, Pando Colorado, Pata de Gallo, Peña de Hormiga, Pueblo Viejo, Río Panal, Río Tronco, San Antonio Huitepec, San Francisco Yucucundo, San Juan Xochiltepec, San Pedro, Santiago Huaxolotipac, Tierra Caliente.
                "
"
tu’un savi (de Santa María Peñoles)
		[tũʔũ saβi]
		<mixteco de Santa María Peñoles>
                ","
                    OAXACA: Santa María Peñoles: Buena Vista Tepantepec, Buenavista Estetla, Cañada de Hielo, Cerro de Águila, Contreras, Corral de Piedra, Duraznal, El Carrizal, El Carrizal Tepantepec, El Manzanito Tepantepec, Llano Verde Tepantepec, Los Sabinos (Río los Sabinos), Mano León Tepantepec, Morelos Dos Tepantepec, Morelos Uno Tepantepec, Peña de Letra Tepantepec, Pie del Cerro Pelón (Centro), Progreso, Recibimiento (Buena Vista), Rosario, Río Cacho, Río de Manzanita, Río Hondo, Río V, San José Contreras Tepantepec, San Mateo Tepantepec, San Pedro Cholula, Santa Catarina Estetla, Santa María Peñoles, Tierra Caliente Tepantepec.
                "
"
tu’un dau
		[tũʔũ ðau]
		<mixteco bajo de Valles>
                ","
                    OAXACA: Cuilapam de Guerrero: Cruz Blanca, Cuilapam de Guerrero, El Ojo de Agua, La Lomita, Lomas de San Juan, Primera Ampliación de Cruz Blanca. San Andrés Ixtlahuaca: Buenavista, Cieneguilla, El Cazahuate, El Progreso, La Palma, San Andrés Ixtlahuaca. San Miguel Peras: Colorado, Chidoco (Chidoco De Juárez), El Fresno, El Manzanito, El Potrerito, El Temascal, Guadalupe Victoria, La Brujería, Pensamiento Liberal Mexicano, Río Minas (Río Minas Piedras), Río Morales (Barrio Río Morales), San Miguel Peras, Soledad Peras, San Miguel Piedras. San Pedro Ixtlahuaca: La Concepción, La Loma (Loma Grande), La Verdura, Loma Bonita (Paraje Jaguey), San Pedro Ixtlahuaca. Santa Cruz Xoxocotlán: Agustín Melgar, Arrazola (San Antonio Arrazola), Brasil, El Paraíso, Francisco Villa (Ampliación Francisco Villa), La Crucecita (Barrio la Crucecita), Loma del Tanque (Paraje del Palenque), Lomas de San Javier, Los Ángeles, Los Cipreses (Paraje los Cipreses), Los Mogotes, San Francisco Javier, San Isidro Monjas, San Juan Bautista la Raya, Santa Cruz Xoxocotlán. Santa María Atzompa: La Cañada, Paraje Río Chiquito, San Jerónimo Yahuiche, San Jose Hidalgo, Santa Catarina Montaño, Santa María Atzompa. Santiago Tlazoyaltepec: Agua Fría, Buena Vista, Campo de Aviación, Cañada de Ceniza, Cañada de Curva, Cañada de Hielo, Cañada de Hierba Santa, Cañada de Timbre, Cañada de Yukcimil, Cañada Hoja Mano de León, Cerro de Águila, Ciénega de Corral, Ciénega de Tierra Colorada, Cuatro Caminos, El Columpio, El Gachupín, El Ocotal, El Portezuelo, El Zurco, La Guacamaya, La Lobera, La Plazuela, La Unión, Ladera de Coco, Llano Grande, Loma Blanca, Loma Cerezal, Loma Corazón, Loma Delgada, Loma de Águila, Loma de Buena Vista, Loma de Cebolla, Loma de Comadreja, Loma de Coyote, Loma de Culebrón, Loma de Dolor, Loma de Jícara, Loma de las Flores, Loma de Leña, Loma de Manzanita, Loma de Ocotal, Loma de Topil, Loma de Yukcimil, Loma de Zacatón, Loma Honda, Loma Larga, Loma Mecate, Loma Redonda, Mogote de Nido, Rancho Anonal, Río de Chicle, Río de Hielo, Río de Milpa, Río San Juan, Santa Rita, Santiago Tlazoyaltepec, Tierra Caliente, Tierra Colorada.
                "
"
tu’un ñudavi
		[tũʔũ ɲudaβi]
		<mixteco alto de Valles>
                ","
                    OAXACA: San Andrés Nuxiño: Cerro de Lobo (Chimedia), Cerro de Nuxiño (Cerro Viejo), Cola de Pato, El Capijul, El Fortín, El Llorón, El Marqués, El Paredón, El Sabinal, Ladera de Añuna, Ladera de Moral, La Joya, La Nopalera, Linda Vista Herradura, Llano de Cal, Loma Espinal, Loma Manzanal, Loma de Ardilla, Loma de Mecate, Loma de Ocotal, Loma del Palmar, Monte Frío, Río Garza (El Duraznal), Río Seco, Río Yucudiño, Río Yutanume, San Andrés Nuxiño, Tierra Colorada (El Mirador), Volante. San Francisco Telixtlahuaca: El Nuevo Manzanito, San Francisco (Plan Seco), San Francisco Telixtlahuaca, San Sebastián Sedas. San Pablo Huitzo: San Pablo Huitzo.
                "
"
tu’un davi (del este)
		[tũʔũ ðaβi]
		<mixteco del este>
                ","
                    OAXACA: Asunción Nochixtlán: Asunción Nochixtlán, Cantera, Cañada Yundayaco, El Encinal, El Progreso (El Moral), El Sauce, La Asunción, La Cumbre, La Labor, La Labor (Duraznal), La Unión Libertad Ixtaltepec, La Unión Mitlatongo, Loma Escobilla, Mixtly, Ojo de Agua Mitlatongo, Piedra Azul (Morelos Dos), Rancho Verde, Reforma, San Andrés Sachio, San Pedro Quilitongo, Santa Catarina Adequez, Santa María Añuma, Santa María Tinu, Santa Teresa, Santiago Amatlán, Santiago Buena Vista (Ticua), Unidad Piedra de Sangre (Morelos Uno), Yodonguio. San Pedro Coxcaltepec Cántaros: Cañaltepec, El Sabino, San Juan Ixtaltepec, San Pedro Coxcaltepec Cántaros, Yododeñe (San Isidro Yododeñe), Yuchacoo. Santo Domingo Nuxaá: Arroyo de Ceniza (Loma del Palmar), Cañada de Alba, Cañada de Alba (Ladera de Pájaro), Cañada de Chiquihuite, Cañada de Flor, Cañada de Iglesia, Cerro Boludo, Cerro Ceja, Cerro Machin, Cerro Negro, Cerro Silla, Cerro Verde, Cerro Verde (Río Verde), Cerro de Buenavista (Loma Piedra Blanca), Cerro de Golondrina, Cerro de León, Cerro de Metate (Loma Metate), Cerro de Neblina, Chinapa, El Oro, El Porvenir, El Sabinal, Joya de Corral, Joya de Infierno (Ladera del Infierno), Joya de Mazorca, Joya del Paredón Viejo (Ladera de Tambor), La Flecha (La Carbonera), La Muralla (Loma de Muralla), Ladera de Ardilla, Ladera de Jazmín, Ladera del Río Garza, Llano de Aguacatal, Loma de Águila (Loma de Palma), Llano de Ayuca, Loma Grande (Ladera de Estaca), Loma Timbre, Loma de Arco Iris, Loma de Carrizal, Loma de Conejo, Loma de Montura, Loma de Pipal, Loma de Tierra Blanca, Loma de Tierra Blanca (Loma de Peral), Mogote de Piedra, Ojo de Agua, Portillo Chivato, Río Águila (Río de Enmedio), Río Blanco, Río Chinapa, Río Comal, Río Estaca, Río Garza, Río Hormiga, Río León, Río Mazorca, Río Plaza, Río Quebrado, Río Trementina, Santo Domingo Nuxaá, Tres Vistas.
                "
"
tnu’un davi (de Santa Inés de Zaragoza)
		[tnũʔũ ðaβi]
		<mixteco de Santa Inés de Zaragoza>
                ","
                    OAXACA: Santa Inés de Zaragoza: Barrio San Sebastián, Buena Vista, Cantera, Carrizal (Laguna Zaragoza), Cañada Chepiche, Cerro Grande, Cuesta Blanca, Cuesta Colorada, El Carrizal, El Fresnal, El Molino, El Noble, El Remolino, El Tambor, Hitanume, La Aurora, La Bugambilia, La Era, La Escalera, La Hacienda, La Nopalera, La Paz, La Reforma, La Represa, La Unión Zaragoza, Loma Larga, Paraje del Perro, Pueblo Viejo, Rancho Baldomero Timoteo, Río Hondo, Río Salinas, Santa Inés de Zaragoza.
                "
"
tnu’un dau
		[tnũʔũ ðau]
		<mixteco del este central>
                ","
                    OAXACA: San Francisco Jaltepetongo: El Llano, El Tialle, La Joya, La Loma, La Ordeña, San Francisco Jaltepetongo, San Isidro Jaltepetongo, Yodondaa, Yucano, Yuxaño. San Juan Diuxi: Los Laureles, San Juan Diuxi. Santiago Tilantongo: Buenavista, El Carmen, El Carrizal, El Progreso, El Socorro, Galeana, General Vicente Guerrero, Guadalupe Hidalgo, La Labor, La Paz, La Providencia, Laguna Grande Tilantongo, Las Flores Tilantongo, Monte Negro, Narciso Mendoza, Nuhduu’, San Antonio, San Isidro (Yueuyoco), San José Tres Lagunas, San Martín de las Palmas, Santiago Tilantongo, Yuuku-Yaquu, Zaragoza.
                "
"
dedavi
		[dedaβi]
tu’un savi (del noroeste medio)
		[tũʔũ saβi]
		<mixteco del noroeste medio>
                ","
                    OAXACA: Heroica Ciudad de Huajuapan de León: Acatlima, Agua Dulce, Carretera a Acatlima, Colonia Sinaí Primera Sección, El Carmen, El Molino, Fidepal (Colonia Lázaro Cárdenas del Río), Heroica Ciudad de Huajuapan de León, La Estancia, La Junta, Las Palmas, Los Naranjos (Fraccionamiento los Naranjos), Magdalena Tataltepec, Plan del Huaje, Rancho Jesús, Salto del Agua, Salto del Agua (Salto del Tigre), San Mateo (Colonia San Mateo), San Miguel Papalutla, San Rafael (Segunda Sección), Santa Rosa, Santa Teresa Primera Sección (Ampliación), Santiago Chilixtlahuaca, Tabaco (Guadalupe Tabaco), Vista Hermosa. Silacayoapam: San Martín del Estado. Tezoatlán de Segura y Luna: Barrio Independencia (Colonia Nueva), Barrio del Perú, Caguani, Juquila de León, La Lomita, Linda Vista del Progreso, Rancho Reforma, Rancho Señor, San Isidro El Naranjo, San Martín del Río, San Valentín Gómez, San Vicente del Palmar, Tezoatlán de Segura y Luna.
                "
"
tu’un da’vi
		[tũʔũ ðaʔβi]
		<mixteco del oeste alto>
                ","
                    OAXACA: Calihuala: Calihuala, El Calvario, San Antonio las Mesas. Ixpantepec Nieves: Barrio de Guadalupe, Barrio de San Juan, Barrio Santa Cruz, Ixpantepec Nieves, La Columna (Llano Gordo), Santa María Asunción, Santa María Natividad. San Agustín Atenango: Cerro Clavo, El Amate, La Cruz, Llano del Granizo, San Agustín Atenango, San Francisco Paxtlahuaca, San Jacinto, San Mateo de Libres. San Francisco Tlapancingo: Barrio del Carmen (La Piedra Chimeca), El Amate, Guadalupe Nogales, San Francisco Tlapancingo, San Marcos Natividad, Tierra Blanca. San Jorge Nuchita: Guadalupe de Morelos, Mirador, San Jorge Nuchita. San Juan Bautista Tlachichilco: Agua Escondida, San Juan Bautista Tlachichilco. San Juan Ihualtepec: El Partideño, Sabino Largo, San José Chepetlán, San Juan Ihualtepec, Teguisle. San Mateo Nejapam: Barrio Guadalupe, San Mateo Nejapam. San Miguel Ahuehuetitlán: El Sabino, La Luz Tenexcalco, San Miguel Ahuehuetitlán, Ñihuichi, Santa Cruz. San Miguel Tlacotepec: Agua Buena, Barrio Tierra Azul (Cuarta Sección), Colonia San Ramos (Colonia Reforma), Guadalupe Nucate, La Reforma, San Martín Sabinillo, San Miguel Tlacotepec, Santiago Nuxaño, Vista Hermosa, Xinitioco, Yosondalla. Santiago Cacaloxtepec: Corral de Piedra, Santiago Cacaloxtepec. Santiago Juxtlahuaca: Agua Fría, Agua Fría Copala, Barranca de Ratón, Benito Juárez Yucunicoco, Cerro del Pájaro (Cerro Pájaro), Coyuchi (Cuyuchi), Cuauhtémoc Yucunicoco, El Molino (Camino a Santa Catarina), El Plan de Yerbasanta, La Laguna de Guadalupe Yucunicoco, La Reforma Juquila, La Sabana, Lázaro Cárdenas Yucunicoco, Llano de Nopal, Los Planes, Monte Colorado, Nican, Paso de Águila Copala (Paso de Águila), Pie de la Cuesta, Piedra Azul, Pueblo Nuevo, Rancho Albino, Rancho Filadelfo Beristáin Rivera, Río Lagarto, San Florencio, San Jorge Río Frijol, San José Infiernillo, San Juan Copala, San Juan Piñas, San Lorenzo Manzanal, San Marcos Zochiquilazola, San Miguel Copala, San Miguel Cuevas, San Miguel de Cárdenas, San Pedro Chayuco, Santa Catarina Noltepec, Santa Cruz Tilapa, Santa María Asunción, Santa María Yucunicoco, Santa Rosa Caxtlahuaca, Santiago Juxtlahuaca, Santiago Naranjos, Santos Reyes Zochiquilazola, Tierra Blanca, Tinuma de Zaragoza, Unidad Habitacional Noventa y Cinco, Unión de Cárdenas, Vista Hermosa, Yosoyuxi Copala (Yosoyuxi), Ytutiso (Cerro Tejocote), Zaragoza Yucunicoco. Santiago Tamazola: San Luis Morelia, Santa Ana Rayón, Santiago Tamazola. Santiago Yucuyachi: Santa Rosa de Juárez, Santiago Yucuyachi. Santiago del Río: Barrio del Gavilán, San Francisco Higos, Santiago del Río. Santos Reyes Tepejillo: Guadalupe Tepejillo, Los López (Familia López), Los Soriano (Familia Soriano), Rancho Yakima, San Miguel de Cárdenas, Santos Reyes Tepejillo. Silacayoapam: Barrio de la Providencia, Guadalupe Cavacoa, Linda Vista, Rancho Alfaro (San Sebastián Alfaro), Rancho Vargas, San Andrés Montaña, San Isidro (Barrio San Isidro), San Jerónimo Progreso, San Juan Huaxtepec, San Mateo Nuevo, San Miguel Aguacates, San Miguelito (Barrio San Miguelito), San Sebastián (Barrio San Sebastián), Santiago Asunción, Silacayoapam, Soledad Etla. Tezoatlán de Segura y Luna: Santa Cruz Yumá, San Andrés Yutatío, San Juan Cuitito. Zapotitlán Palmas: Barrio Chico, Barrio Grande, Barrio Libertad, Zapotitlán Palmas.
                "
"
to’on nda’vi
		[tõʔõ ndaʔβi]
		<mixteco de Santo Domingo Tonalá>
                ","
                    OAXACA: Santo Domingo Tonalá: Cahuatichi, Cañada Tepexquixtle, El Mezquite, Llano de Cahuatichi, Los Arcos (Rancho los Arcos), Natividad, San Andrés Sabinillo, San Isidro Laguna Seca, San Juan Reyes, San Sebastián del Monte, Santo Domingo Tonalá, Yetla de Juárez.
                "
"
tu’un djavi
		[tũʔũ ɵaβi]
		<mixteco del noroeste central alto>
                ","
                    OAXACA: Tezoatlán de Segura y Luna: Rancho Juárez, San Isidro Zaragoza, San Marcos de Garzón, Yucuquimi de Ocampo.
                "
"
tu’un javi
		[tũʔũ xaβi]
		<mixteco del noroeste central bajo>
                ","
                    OAXACA: Tezoatlán de Segura y Luna: San Juan Diquiyú, Santa Catarina Yutandoo, Santa María Tindú, Yucuñuti de Benito Juárez.
                "
"
tnu’un davi (de San Juan Tamazola)
		[tnũʔũ ðaβi]
		<mixteco de San Juan Tamazola>
                ","
                    OAXACA: San Juan Tamazola: Arroyo de Estaca, Cañada de Duraznal, Cañada de Espina Negra, Cañada de Lobo, Cañada Tierra Blanca, Cerro de Borrego, Cerro de Jarrito, Cerro de la Corona, Joya de Cangrejo, Joya de Espina Blanca, Joya de Platanal, Joya Grande, Joya Ladera de Plaza, Ladera de Ceniza, Ladera de Encino Amarillo, Ladera de Guajolote, Ladera de León, Ladera de Troja, Llano Par, La Golondrina, Llano de Estaca, Llano de Ocote, Llano de la Canoa, Loma de Corral, Loma de Cuchara, Loma de Dolor, Loma de Laguna, Loma de Metate, Loma del Temblor, Loma Rota, Mogote de Piojo, Monte Frío, Peña Colorada, Peña de Pájaro, Pueblo Viejo, Río Blanco, Río de Guaje, Río de Lobo, Río de Ratón, Río de Sal, Río El Palenque (Río de Banco), Río Hondo, Río Ocote, Río Venado, San Isidro Trementina, San José, San José Ojo de Agua, San Juan Monte Flor, San Juan Tamazola, San Juan Yuta, Santa Catarina Yucuni, Tidua, Yatacuyaya, Yucuxina.
                "
"
da’an davi (del noreste)
		[ðãʔã ðaβi]
		<mixteco del noreste>
                ","
                    OAXACA: Asunción Nochixtlán: Santiago Ixtaltepec. San Juan Bautista Coixtlahuaca: El Sotol, El Tepozán (Sección Segunda), El Zapotal (Sección Tercera), Estancia (San José), San Juan Bautista Coixtlahuaca, Santa Catarina Ocotlán, Tronco del Río. San Miguel Chicahua: Agua Negra, Antiguo Barrio San Isidro, Barrio Santa Cruz, Barrio de Chabacano, Buenavista, Cerro Prieto, Cerro de Chicahua, Cerro Totocani, El Fortín Alto, El Llano (Divitotoquiyi), El Puente, Ituñuun, La Bellota, La Ciénega (Ndutzacoyo), La Corregidora Tierra Colorada, Llano Prieto, Llano Seco, Loma Latzanyco, Monte Obscuro, Nruvanzaka (Tinrru San Miguel), Peña Azul, Poza Azul (Zaacaba), Río Tejón, San Miguel Chicahua, Yucudicoyo, Yucukada, Yucunama, Yucunrravi, Yucuticuu, Yucuyaba, Yucuyuchi, Yutzadavi, Yutzallo, Yutzateta, Yuzantico. San Miguel Huautla: Barrio de Santa Cruz, Boquerón, Cerro Verde, El Rosario, El Tejocote, Encinal, Loma del Modronio, Peña Colorada, San Miguel Huautla, Tepotzan, Tierra Blanca, Tierra Colorada. Santa María Apazco: Cañada de Algodón, Cuatro Vientos (Calle San Antonio Inuyu), El Almacén, Llano del Sabino, Loma Larga, Mariposa, Pericón, Río Blanco, San Antonio Nuyoo, San Isidro, Sandoo Ñuu, Santa María Apazco, Tierra Colorada (Rancho Colorado), Yucandigui. Santiago Apoala: Arriba de la Peña, Jazmín Morelos, San Antonio Nduayaco, Santiago Apoala, Tierra Colorada, Unión Buena Vista (Yodocani), Unión Palo Solo, Yodorancho (Tierra Caliente).
                "
"
tnu’un dawi
		[tnũʔũ ðawi]
		<mixteco de San Pedro Tidaá>
                ","
                    OAXACA: San Pedro Tidaá: San Pedro Tidaá, Yucutishia.
                "
"
tu’un lavi
		[tũʔũ laβi]
		<mixteco de Mitlatongo>
                ","
                    OAXACA: Asunción Nochixtlán: Santiago Mitlatongo.
                "
"
tu’un davi (de Coatzóspam)
		[tũʔũ ðaβi]
		<mixteco de Coatzóspam>
                ","
                    OAXACA: San Juan Coatzóspam: Agua Español, Buenos Aires (Loma de Hueso), Loma de la Flecha, Loma de la Plaza (Loma de Plaza), Nubiñuutun, Rancho Nuevo (El Rancho), San Isidro (San Isidro Coatzospam), San Juan Coatzospam.
    "
"
tu’un savi (de Sierra sur noroeste)
		[tũʔũ saβi]
		<mixteco de Sierra sur noroeste>
                ","
                    OAXACA: Constancia de Rosario: Constancia del Rosario, El Sausalito, Rancho Viejo, San José Yosocaño, Santa Ana Rayón, Santa Cruz Río Venado, Santa María Pueblo Nuevo. Mesones Hidalgo: Alto de Mango, Cañada Mamey, Concepción las Mesas, El Camalote, El Carmen Tuxtitlán, El Coyul, El Mangal, El Naranjo, La Florida, La Palmilla, La Parota, La Soledad (La Soledad Hidalgo), Llano Tigre, Llano Zacatoso (Tierra Blanca), Loma Larga, Mesones Hidalgo, Pie de la Cuesta, Piedra Bola, Piedra de Casa (Santa Rosa Piedra de Casa), Plan de Zaragoza, Pueblo Nuevo (El Llano), San José de las Flores, San Juan la Lima, Santa María de la Lima, Tierra Blanca. Putla Villa de Guerrero: San Miguel Reyes. Santo Tomás Ocotepec: Benito Juárez, Diecinueve de Abril, Emiliano Zapata, Emilio Portes Gil, Francisco I. Madero, Francisco Villa, Genaro V. Vásquez, Laguna Amarilla, Lázaro Cárdenas, Mexicalcingo de los Granados, Miguel Hidalgo, Morelos (José María Morelos), Nunuma (Ignacio Zaragoza), Plan Alemán, Santo Tomás Ocotepec, Yuyucu.
                "
"
tu’un savi (de San Pablo Tijaltepec)
		[tũʔũ saβi]
		<mixteco de San Pablo Tijaltepec>
                ","
                    OAXACA: San Pablo Tijaltepec: Buena Vista la Paz, Candelaria la Unión, El Porvenir, Fortín Juárez, Guadalupe Victoria, Juquila Independencia, Loma Snuviji, San Cristóbal Linda Vista, San Felipe Tindaco, San Isidro Allende, San Lucas Redención, San Pablo Tijaltepec, Santo Domingo del Progreso, Vista Hermosa, Yucahua, Yucutu, Yutendoo.
                "
"
tu’un savi (del oeste de la costa)
		[tũʔũ saβi]
		<mixteco del oeste de la costa>
                ","
                    OAXACA: San Antonio Tepetlapa: Primera Sección, San Antonio Tepetlapa, San Pedro Tulixtlahuaca, Segunda Sección, Tercera Sección. Santiago Pinotepa Nacional: Acuautepec o Agua de la Caña, Agua Dulce, Alberto Baños Torres, Aristeo Hernández Borneos, Arroyo Seco, Barrio del CBTA., Cerro de la Esperanza (El Chivo), Collantes, Colonia Cuauhtémoc, Colonia Pinotepa, Corralero, Cruz del Itacuán, Charco del Otate, Desviación Tlacamama, El Alacrán, El Añil, El Azicate, El Carrizo, El Ciruelo, El Conejo, El Dominguito, El Frío, El Jícaro, El Manguito, El Palomar, El Ranchito, El Santo, El Tamal, El Tamarindo, El Viscaíno, El Zapote, Felipe Abrajam (El Manguito), Guadalupe Victoria (Lagartero), Hornos Grandes, Hornos los Pajaritos, Huerta de Juvencio Castillo, José Miguel Fuentes, La Cañada, La Chamusca, La Envidia, La Esperanza, La Estrella, La Finca, La Noria y Minindaca, La Palma, La Palma del Coyul, Lagunillas, La Raya, Las Milpas, Lo de Candela, Lo de Mejía, Lo de Riaño, Lo de Vera, Loma Larga, Los Horcones, Los Pocitos, Mancuernas, Mata Sánchez, Minillahui, Moisés Toscano, Motillas, Paso de la Garrocha, Pie del Cerro, Piedra Blanca, Playa de Oro (Playa Banco de Oro), Rancho Grande, Rancho Ramírez, Rancho de la Vírgen, Roberto Baños Laredo, Santiago Pinotepa Nacional, Tierra Blanca, Willians, Yerbasanta, Yutacuite, Yutah Tiata las Delicias (Las Delicias), Yuyaquita, Zenaida Ortiz. Santiago Tapextla: Llano Grande.
                "
"
tu’un savi (de Oaxaca de la costa oeste central)
		[tũʔũ saβi]
se’en savi
		[seʔen saβi]
		<mixteco de Oaxaca de la costa oeste central>
                ","
                    OAXACA: Pinotepa de Don Luis: Arroyo del Pote (Yutandiutu), Chikuako, Chiminitio (San Juan Chiminitio), Duatiavi, El Jicaral (Yutatouyu), Hierba Santa, La Palma, Los Guayabos, Pie de la Cuesta (Shaacuty), Pinotepa de Don Luis, San Martín, Tecueteyu, Xinichiko, Yucucha, Yucundio (Cerro de Dios), Yutachiquehue, Yutacoyo, Yutandicaba, Yutatio. Santiago Pinotepa Nacional: Santa María Jicaltepec.
                "
"
tu’un savi (del noroeste)
		[tũʔũ saβi]
		<mixteco del noroeste>
                ","
                    OAXACA: San Jerónimo Silacayoapilla: San Jerónimo Silacayoapilla, Saucitlán de Morelos. San Miguel Amatitlán: Barrio Tejalpa, Cerro Bellota, Guadalupe Xonoxtle, La Laguna (El Columpio), La Nueva Tenochtitlán, San Antonio Zahuatlán, San Jorge El Zapote, San José Tenería, San Lorenzo Vista Hermosa, San Miguel Amatitlán, Santa Cruz, Santa Cruz El Limón, Santo Domingo Yolotepec, Venta de Uribe de Juárez. San Simón Zahuatlán: Cañada del Tecolote, Cinco de Mayo, Guadalupe El Sabino (Barrio El Sabino), La Colmena, La Salud, Las Tres Cruces, San Miguel Zahuatlán, San Simón Zahuatlán, Santa Cruz, Tierra Colorada. Santos Reyes Yucuná: Coxcatepec (San Gabriel Coxcatepec), El Cerro Limón, Guadalupe Villahermosa (El Portesuelo), San Francisco de las Flores, San José Buena Vista, Santiago El Jazmín, Santos Reyes Yucuná.
                "
"
tu’un savi (de Cañada bajo)
		[tũʔũ saβi]
		<mixteco de Cañada bajo>
                ","
                    OAXACA: San Juan Bautista Cuicatlán: Barrio de la Cruz, Barrio la Garita, Barrio Tecomavaca, Colonia la Cruz, El Águila Almoloyas, Estación El Venado, Guadalupe de los Obos, Ojito de Agua, San Francisco Tutepetongo, San Gabriel Almoloyas, San José del Chilar, San Juan Bautista Cuicatlán, San Juan Coyula, San Pablo Almoloyas, San Pedro Chicozapotes, San Pedro Nodon, Santa Cruz, Santa María Almoloyas, Santiago Dominguillo (Alpichagua), Zapotillo. San Pedro Jaltepetongo: Guerrero, San Pedro Jaltepetongo, Veintiuno de Agosto. San Pedro Jocotipac: Cerro de la Cruz, Loma del Calvario, Rancho Buenavista, San Pedro Jocotipac. Santa María Texcatitlán: Barrio Llano Abajo, El Capisantu (Campo Santo), José Hernández Zárate, Palmar (El Rancho), Santa María Texcatitlán. Valerio Trujano: Rancho Ismael Aguirre Peña, Tomellín, Valerio Trujano.
                "
"
tu’un savi (de Cañada central)
		[tũʔũ saβi]
		<mixteco de Cañada central>
                ","
                    OAXACA: Chiquihuitlán de Benito Juárez: Agua Espina, Agua Tendida, Agua Trapo, Chiquihuitlán de Benito Juárez, La Concepción, La Laguna (Loma del Cacalote), Loma Ojiteca. Cuyamecalco Villa de Zaragoza: Agua Tabaco, Aguacate, Bajo la Peña, Buenos Aires (San Isidro Buenos Aires), Camino a San Miguel, Cerro Culebra, Cerro Verde, Chorro de Agua, Colonia Reforma (Barrio Reforma), Cuyamecalco Villa de Zaragoza, El Limón, El Tenene, El Zacatal, Joya Durazno (San José Joya Durazno), La Ciénega (Guadalupe la Ciénega), La Orilla, Llano San Antonio, Loma El Trompo, Loma Platanar, Loma del Viento, Peña Colorada, Peña Prieta, Piedra Boluda, Río San Miguel (Llano Nopal), San Felipe de Jesús, San Francisco la Raya, Santa María Buenos Aires, Texun, Tierra Ahumada. San Miguel Santa Flor: Agua Ceniza, Cerro Culebra, Cerro Pelón, Llano Nopal, Palo Aguacate, Palo Mora, Peña Ardilla, Peña Colorada, San Miguel Santa Flor. Santa Ana Cuauhtémoc: Aguacate, Agua Iglesia, Agua Toro, El Cerro, Isidro Pérez Hernández, Monte Flor, Nucodo, Peña Blanca, San Martín Caballero, Santa Ana Cuauhtémoc.
                "
"
tu’un savi (de Yutanduchi de Guerrero)
		[tũʔũ saβi]
		<mixteco de Yutanduchi de Guerrero>
                ","
                    OAXACA: Yutanduchi de Guerrero: Cosabico Verde (La Ciénega), Yutanduchi de Guerrero.
                "
"
tu’un savi (del noreste bajo)
		[tũʔũ saβi]
		<mixteco del noreste bajo>
                ","
                    OAXACA: San Bartolo Soyaltepec: Barrio del Calvario, Cerro Totocani, El Caballo Blanco, El Águila, Guadalupe Gavillera, Jataitno, La Unión Reforma, Río Verde, San Bartolo Soyaltepec, San Isidro Tejocotal, Santa Cruz Pípila. Santa María Chachoápam: San Agustín Monte Lobos, Santa María Chachoápam. Santo Domingo Tonaltepec: Cerro de Sol, Deque Inu (Cabeza de Cigarro), Dequetoto, Río Verde, San Francisco Río Blanco, Santo Domingo Tonaltepec, Vista Hermosa, Yuquini. Santo Domingo Yanhuitlán: Santo Domingo Yanhuitlán, Tooxi, Yudayo.
                "
"
dañudavi
		[daɲudaβi]
		<mixteco de San Juan Teita>
                ","
                    OAXACA: San Juan Teita: Jatoto, San Juan Teita, Xata Xucundico, Xee-Ijnu.
                "
"
da’an davi (de la frontera Puebla-Oaxaca)
		[ðãʔã ðaβi]
		<mixteco de la frontera Puebla-Oaxaca>
                ","
                    OAXACA: Cosoltepec: Barrio Norte, Cosoltepec, El Algodón, El Borrego, El Chimalallo, Joluxtla (San Juan Joluxtla), Pultepec, Rumbo a la Salida, San Isidro (Barrio San Isidro), Tultitlán de Guadalcazar. San Pedro y San Pablo Tequixtepec: Puente de Vigas, Rancho Culebras, San Francisco Huapanapa, San Juan Yolotepec, San Miguel Ixtapam, San Pedro y San Pablo Tequixtepec, Santa Catalina Chinango. Santiago Chazumba: Acaquizapam (Santa María Acaquizapam), Barrio Santa Lucía, Barrio Tanchii (Barrio Tanchi), Buenavista, Cerrito Colorado, El Chimalayo, El Higo, Escalerillas, La Vírgen, Los Pirules, Los Salas, Olleras de Bustamante, Paredones, Pastores, Río Instancia, Río Limón (San Isidro Río Limón), San José Chichihualtepec, San Juan Frontera, San Sebastián Frontera, Sanchico, Santiago Chazumba, Santo Domingo Tianguistengo, Sociedad Gutiérrez (Sociedad Agrícola), Tetun, Trinidad Huaxtepec. PUEBLA: Petlalcingo: Colonia El Progreso, El Rosario Micaltepec, Emiliano Zapata, San José Texcalapa, Tepejillo. San Jerónimo Xayacatlán: Barranca Salada, Cañada Estaca, Cañada San Miguel, Cerro del Caballo, El Carrizal, El Cuajilote, El Limón, El Mosco, El Valiente, Gabino Barreda, La Cruz, La Huertilla, San Jerónimo Xayacatlán, San Pedro, Santo Domingo Tonahuixtla, Sección Cañada Sandía, Segunda Sección de San Jerónimo Xayacatlán. Totoltepec de Guerrero: Barrio de San Juan, Santa Cruz Nuevo, Totoltepec de Guerrero. Xayacatlán de Bravo: Cuajilote, El Amate, El Guaje, La Jícara, Segunda Sección de Xayacatlán de Bravo, Tercera Sección de Xayacatlán de Bravo, Uña de Gato, Xayacatlán de Bravo.
                "
"
da’an davi (del suroeste de Puebla)
		[ðãʔã ðaβi]
de’e dau (del suroeste de Puebla)
		[ðẽʔẽ ðau]
		<mixteco del suroeste de Puebla>
                ","
                    PUEBLA: Acatlán: Acatlán I (Fovissste), Acatlán de Osorio, Amatitlán de Azueta, Barrio de Guadalupe, Colonia Allende, El Chaparro, Garzones (Santa Gertrudis), Hermenegildo Galeana, La Huerta, La Trinidad (Los Hobos), Las Nieves, Nuevos Horizontes, Piedra Blanca, San Bernardo, San Cristóbal, San Vicente Boquerón, Tecomate, Tetelcingo, Tianguistengo. Chigmecatitlán: Chigmecatitlán.
                "
"
da’an davi (de Tlaltempan)
		[ðãʔã ðaβi]
de’e dau (de Tlaltempan)
		[ðẽʔẽ ðau]
		<mixteco de Tlaltempan>
                ","
                    PUEBLA: Santa Catarina Tlaltempan: Santa Catarina Tlaltempan.
                "
"
da’an davi (de Zapotitlán)
		[ðãʔã ðaβi]
		<mixteco de Zapotitlán>
                ","
                    PUEBLA: Zapotitlán: Agua Tecolote, Ejido Guadalupe, El Manantial, Estanque Viejo, Estanzuela, Guadalupe la Meza [Guadalupe la Mesa], Miguel Hidalgo y Costilla, San Antonio Texcala, San Pablo Netitlán, San Pedro Atzumba, San Pedro Netitlán, Tilapa, Zapotitlán Salinas.
    "
